"Gene_Entrez","Coefficient","Gene_Symbol"
"8434",-0.907014173169292,"RECK"
"9890",-0.896474847458841,"PLPPR4"
"3820",-0.515286704549342,"KLRB1"
"1756",-0.423372005791701,"DMD"
"79776",-0.248969027854606,"ZFHX4"
"7422",0.228270877119105,"VEGFA"
"3960",-0.212157981953547,"LGALS4"
"10351",-0.174766803315475,"ABCA8"
"54360",-0.151647155501613,"CYTL1"
"6693",-0.142478803397379,"SPN"
"4176",0.13251591723332,"MCM7"
"5121",-0.115082031981689,"PCP4"
"3692",0.102733703443427,"EIF6"
"3576",0.0881874271908362,"CXCL8"
"10562",-0.0723622721077414,"OLFM4"
"7373",-0.0610021415921173,"COL14A1"
"7025",-0.0547021712348001,"NR2F1"
"5284",-0.0546361592508081,"PIGR"
"6622",-0.0446181485033205,"SNCA"
"10221",0.0396377017542887,"TRIB1"
"3872",0.0267699037460627,"KRT17"
"991",0.0262169125179915,"CDC20"
"983",0.0216322754110725,"CDK1"
"1164",0.0122725184133477,"CKS2"
"5226",0.00737529092382193,"PGD"
"216",-0.00508249900898542,"ALDH1A1"
"10398",-0.000394627083728107,"MYL9"
"51203",0.000172890839472743,"NUSAP1"
