"EntrezID","Coeficiente","GeneSymbol"
"9901",-0.701517788720135,"SRGAP3"
"80059",-0.600553036290816,"LRRTM4"
"9890",-0.483015275028403,"PLPPR4"
"79776",-0.419460462885872,"ZFHX4"
"26574",0.385751166355855,"AATF"
"3207",-0.374019455182678,"HOXA11"
"4145",0.359597750341447,"MATK"
"81602",-0.345265425772292,"CDADC1"
"10899",0.342655101773878,"JTB"
"57119",-0.337059616852217,"EPPIN"
"7482",-0.320783378917636,"WNT2B"
"3004",-0.299572077218648,"GZMM"
"11143",-0.299489567360154,"KAT7"
"8434",-0.294964682958898,"RECK"
"54558",-0.262864695709161,"SPATA6"
"2823",-0.259374490399413,"GPM6A"
"29127",0.243401012805652,"RACGAP1"
"11047",0.223956527475304,"ADRM1"
"482",-0.203794441759994,"ATP1B2"
"1460",0.202048219437578,"CSNK2B"
"5789",-0.189052091102588,"PTPRD"
"79634",-0.166986812930802,"SCRN3"
"10562",-0.14977146441007,"OLFM4"
"10351",-0.145352691871391,"ABCA8"
"983",0.139121911821287,"CDK1"
"54463",-0.135589362155355,"RETREG1"
"4000",0.124745827833105,"LMNA"
"54832",-0.123157657976312,"VPS13C"
"2531",-0.120341080684319,"KDSR"
"23142",-0.11574945031799,"DCUN1D4"
"6671",-0.10213787346323,"SP4"
"988",-0.100982498079429,"CDC5L"
"23293",-0.0967293950116571,"SMG6"
"23085",-0.0958682371071085,"ERC1"
"24140",0.0847133565597872,"FTSJ1"
"10221",0.074826661955741,"TRIB1"
"3820",-0.0713792451665582,"KLRB1"
"81285",-0.0710160310697903,"OR51E2"
"3824",-0.0682758096225776,"KLRD1"
"8515",-0.0669477475537387,"ITGA10"
"7799",-0.0633458831394933,"PRDM2"
"221472",-0.0606575895346669,"FGD2"
"6622",-0.058175306830769,"SNCA"
"6844",-0.0571880818871213,"VAMP2"
"9547",0.0550435536071184,"CXCL14"
"9122",-0.0535713959679101,"SLC16A4"
"7153",0.0458034422136168,"TOP2A"
"10051",0.0446748489590522,"SMC4"
"5546",0.039401647590293,"PRCC"
"29068",-0.0368379478072155,"ZBTB44"
"9277",0.0355050289940894,"WDR46"
"5121",-0.0148797451811774,"PCP4"
"6655",-0.011767402211698,"SOS2"
"51203",0.0110300254638339,"NUSAP1"
