"EntrezID","Coeficiente","GeneSymbol","logFC","FDR","DEG_limma"
"9901",-0.701517788720135,"SRGAP3",-0.783370090389619,5.88516116139608e-16,FALSE
"80059",-0.600553036290816,"LRRTM4",-0.289348356764266,5.49003214042799e-09,FALSE
"9890",-0.483015275028403,"PLPPR4",-2.12772523106225,2.65024741937969e-42,TRUE
"79776",-0.419460462885872,"ZFHX4",-1.1284113292241,1.61738040318395e-29,TRUE
"26574",0.385751166355855,"AATF",0.634639654508008,1.30756014641985e-13,FALSE
"3207",-0.374019455182678,"HOXA11",-0.807065043291291,2.28273678241799e-19,FALSE
"4145",0.359597750341447,"MATK",0.107298470938685,0.0527233170352213,FALSE
"81602",-0.345265425772292,"CDADC1",-0.28402527230485,1.90417993737445e-13,FALSE
"10899",0.342655101773878,"JTB",0.889395697478936,1.68851754493844e-22,FALSE
"57119",-0.337059616852217,"EPPIN",-0.249145203147549,2.36661191228347e-06,FALSE
"7482",-0.320783378917636,"WNT2B",-0.860710385022976,1.44295859474199e-23,FALSE
"3004",-0.299572077218648,"GZMM",-0.211407192614956,7.83875362516043e-06,FALSE
"11143",-0.299489567360154,"KAT7",-0.324503678771925,1.39057400649489e-10,FALSE
"8434",-0.294964682958898,"RECK",-1.83934885190359,1.60440448442417e-45,TRUE
"54558",-0.262864695709161,"SPATA6",-0.437450860420111,1.52674928022424e-11,FALSE
"2823",-0.259374490399413,"GPM6A",-0.463379554072124,4.28213705725436e-12,FALSE
"29127",0.243401012805652,"RACGAP1",1.0621891041033,2.10751451390909e-19,TRUE
"11047",0.223956527475304,"ADRM1",0.85397475019321,1.5305562286354e-18,FALSE
"482",-0.203794441759994,"ATP1B2",-0.659055410836861,5.67043235678534e-21,FALSE
"1460",0.202048219437578,"CSNK2B",0.5823413269561,3.7251126813086e-12,FALSE
"5789",-0.189052091102588,"PTPRD",-0.656927911393455,3.59238640867191e-18,FALSE
"79634",-0.166986812930802,"SCRN3",-0.276979863995998,1.80102433370046e-06,FALSE
"10562",-0.14977146441007,"OLFM4",-1.14631290393509,2.59870890027311e-05,TRUE
"10351",-0.145352691871391,"ABCA8",-2.42975216618511,2.8237828609593e-27,TRUE
"983",0.139121911821287,"CDK1",1.52952923940331,1.42008651469697e-17,TRUE
"54463",-0.135589362155355,"RETREG1",-0.605357159132247,9.72561562733237e-09,FALSE
"4000",0.124745827833105,"LMNA",0.607773543910548,9.31678081617766e-07,FALSE
"54832",-0.123157657976312,"VPS13C",-0.340723553324197,3.18396131805839e-06,FALSE
"2531",-0.120341080684319,"KDSR",-0.417151331880163,2.43751835938187e-08,FALSE
"23142",-0.11574945031799,"DCUN1D4",-0.915994167418627,2.61981247408356e-13,FALSE
"6671",-0.10213787346323,"SP4",-0.839558620410277,2.05780354207149e-15,FALSE
"988",-0.100982498079429,"CDC5L",-0.678348936075443,3.62936792559194e-07,FALSE
"23293",-0.0967293950116571,"SMG6",-0.46990770047023,1.00733432416931e-14,FALSE
"23085",-0.0958682371071085,"ERC1",-0.333039241018232,0.000164155406193395,FALSE
"24140",0.0847133565597872,"FTSJ1",0.618230379685486,5.69325201108158e-09,FALSE
"10221",0.074826661955741,"TRIB1",1.37444616339253,5.26063598152719e-12,TRUE
"3820",-0.0713792451665582,"KLRB1",-0.949469529077322,9.62107577226945e-16,FALSE
"81285",-0.0710160310697903,"OR51E2",-0.185392228330634,0.00269401055759957,FALSE
"3824",-0.0682758096225776,"KLRD1",-0.305702402501485,5.3627768246878e-09,FALSE
"8515",-0.0669477475537387,"ITGA10",-0.543425882280689,9.92008504817825e-14,FALSE
"7799",-0.0633458831394933,"PRDM2",-0.570938970708422,1.5692805320839e-20,FALSE
"221472",-0.0606575895346669,"FGD2",-0.181738020733195,0.00706254428304177,FALSE
"6622",-0.058175306830769,"SNCA",-1.30898195327806,2.25293702699805e-17,TRUE
"6844",-0.0571880818871213,"VAMP2",-0.574097445820196,3.68372779743704e-13,FALSE
"9547",0.0550435536071184,"CXCL14",0.487060498335451,0.0342013286763364,FALSE
"9122",-0.0535713959679101,"SLC16A4",-0.536973548652147,3.3446177441782e-06,FALSE
"7153",0.0458034422136168,"TOP2A",2.95458563603239,3.43925591017486e-20,TRUE
"10051",0.0446748489590522,"SMC4",1.24970095717897,1.56473587295141e-16,TRUE
"5546",0.039401647590293,"PRCC",0.645685393434606,9.64077863794618e-12,FALSE
"29068",-0.0368379478072155,"ZBTB44",-0.758433703495699,4.40329982411658e-10,FALSE
"9277",0.0355050289940894,"WDR46",0.467686698730426,1.40587960563296e-08,FALSE
"5121",-0.0148797451811774,"PCP4",-4.11986848305414,1.59509526148147e-24,TRUE
"6655",-0.011767402211698,"SOS2",-0.246914568493755,6.62452991695638e-05,FALSE
"51203",0.0110300254638339,"NUSAP1",2.36074618769306,1.04924040166223e-19,TRUE
