,study_ID,sample_ID,sample_type,characteristics,platform,normalization_method,annotation_database
2,GSE13507,GSM340538,non_tumor,non_cancer_individual,GPL6102,limma (neqc),illuminaHumanv2.db
3,GSE13507,GSM340539,non_tumor,non_cancer_individual,GPL6102,limma (neqc),illuminaHumanv2.db
5,GSE13507,GSM340541,non_tumor,non_cancer_individual,GPL6102,limma (neqc),illuminaHumanv2.db
6,GSE13507,GSM340543,non_tumor,non_cancer_individual,GPL6102,limma (neqc),illuminaHumanv2.db
7,GSE13507,GSM340544,non_tumor,non_cancer_individual,GPL6102,limma (neqc),illuminaHumanv2.db
8,GSE13507,GSM340545,non_tumor,non_cancer_individual,GPL6102,limma (neqc),illuminaHumanv2.db
9,GSE13507,GSM340546,non_tumor,non_cancer_individual,GPL6102,limma (neqc),illuminaHumanv2.db
10,GSE13507,GSM340605,tumor,NMIBC,GPL6102,limma (neqc),illuminaHumanv2.db
12,GSE13507,GSM340607,tumor,NMIBC,GPL6102,limma (neqc),illuminaHumanv2.db
13,GSE13507,GSM340608,tumor,NMIBC,GPL6102,limma (neqc),illuminaHumanv2.db
15,GSE13507,GSM340610,tumor,NMIBC,GPL6102,limma (neqc),illuminaHumanv2.db
16,GSE13507,GSM340611,tumor,NMIBC,GPL6102,limma (neqc),illuminaHumanv2.db
17,GSE13507,GSM340612,tumor,MIBC,GPL6102,limma (neqc),illuminaHumanv2.db
18,GSE13507,GSM340613,tumor,MIBC,GPL6102,limma (neqc),illuminaHumanv2.db
19,GSE13507,GSM340614,tumor,MIBC,GPL6102,limma (neqc),illuminaHumanv2.db
20,GSE13507,GSM340615,tumor,NMIBC,GPL6102,limma (neqc),illuminaHumanv2.db
21,GSE13507,GSM340616,tumor,NMIBC,GPL6102,limma (neqc),illuminaHumanv2.db
22,GSE13507,GSM340617,tumor,NMIBC,GPL6102,limma (neqc),illuminaHumanv2.db
23,GSE13507,GSM340618,tumor,MIBC,GPL6102,limma (neqc),illuminaHumanv2.db
24,GSE13507,GSM340619,tumor,NMIBC,GPL6102,limma (neqc),illuminaHumanv2.db
25,GSE13507,GSM340620,tumor,MIBC,GPL6102,limma (neqc),illuminaHumanv2.db
26,GSE13507,GSM340621,tumor,NMIBC,GPL6102,limma (neqc),illuminaHumanv2.db
27,GSE13507,GSM340622,tumor,NMIBC,GPL6102,limma (neqc),illuminaHumanv2.db
28,GSE13507,GSM340623,tumor,MIBC,GPL6102,limma (neqc),illuminaHumanv2.db
29,GSE13507,GSM340624,tumor,NMIBC,GPL6102,limma (neqc),illuminaHumanv2.db
30,GSE13507,GSM340625,tumor,NMIBC,GPL6102,limma (neqc),illuminaHumanv2.db
31,GSE13507,GSM340626,tumor,NMIBC,GPL6102,limma (neqc),illuminaHumanv2.db
32,GSE13507,GSM340627,tumor,NMIBC,GPL6102,limma (neqc),illuminaHumanv2.db
33,GSE13507,GSM340628,tumor,MIBC,GPL6102,limma (neqc),illuminaHumanv2.db
34,GSE13507,GSM340629,tumor,NMIBC,GPL6102,limma (neqc),illuminaHumanv2.db
35,GSE13507,GSM340630,tumor,MIBC,GPL6102,limma (neqc),illuminaHumanv2.db
36,GSE13507,GSM340631,tumor,NMIBC,GPL6102,limma (neqc),illuminaHumanv2.db
37,GSE13507,GSM340632,tumor,NMIBC,GPL6102,limma (neqc),illuminaHumanv2.db
39,GSE13507,GSM340634,tumor,MIBC,GPL6102,limma (neqc),illuminaHumanv2.db
40,GSE13507,GSM340635,tumor,NMIBC,GPL6102,limma (neqc),illuminaHumanv2.db
41,GSE13507,GSM340636,tumor,MIBC,GPL6102,limma (neqc),illuminaHumanv2.db
42,GSE13507,GSM340637,tumor,NMIBC,GPL6102,limma (neqc),illuminaHumanv2.db
43,GSE13507,GSM340638,tumor,NMIBC,GPL6102,limma (neqc),illuminaHumanv2.db
44,GSE13507,GSM340639,tumor,NMIBC,GPL6102,limma (neqc),illuminaHumanv2.db
45,GSE13507,GSM340640,tumor,NMIBC,GPL6102,limma (neqc),illuminaHumanv2.db
46,GSE13507,GSM340641,tumor,NMIBC,GPL6102,limma (neqc),illuminaHumanv2.db
48,GSE13507,GSM340643,tumor,NMIBC,GPL6102,limma (neqc),illuminaHumanv2.db
49,GSE13507,GSM340644,tumor,NMIBC,GPL6102,limma (neqc),illuminaHumanv2.db
50,GSE13507,GSM340645,tumor,NMIBC,GPL6102,limma (neqc),illuminaHumanv2.db
52,GSE13507,GSM340647,tumor,NMIBC,GPL6102,limma (neqc),illuminaHumanv2.db
55,GSE13507,GSM340650,tumor,NMIBC,GPL6102,limma (neqc),illuminaHumanv2.db
56,GSE13507,GSM340651,tumor,NMIBC,GPL6102,limma (neqc),illuminaHumanv2.db
57,GSE13507,GSM340652,tumor,NMIBC,GPL6102,limma (neqc),illuminaHumanv2.db
58,GSE13507,GSM340653,tumor,MIBC,GPL6102,limma (neqc),illuminaHumanv2.db
59,GSE13507,GSM340654,tumor,MIBC,GPL6102,limma (neqc),illuminaHumanv2.db
60,GSE13507,GSM340655,tumor,NMIBC,GPL6102,limma (neqc),illuminaHumanv2.db
61,GSE13507,GSM340656,tumor,NMIBC,GPL6102,limma (neqc),illuminaHumanv2.db
62,GSE13507,GSM340657,tumor,NMIBC,GPL6102,limma (neqc),illuminaHumanv2.db
63,GSE13507,GSM340658,tumor,NMIBC,GPL6102,limma (neqc),illuminaHumanv2.db
64,GSE13507,GSM340659,tumor,NMIBC,GPL6102,limma (neqc),illuminaHumanv2.db
65,GSE13507,GSM340660,tumor,MIBC,GPL6102,limma (neqc),illuminaHumanv2.db
66,GSE13507,GSM340661,tumor,NMIBC,GPL6102,limma (neqc),illuminaHumanv2.db
67,GSE13507,GSM340662,tumor,NMIBC,GPL6102,limma (neqc),illuminaHumanv2.db
68,GSE13507,GSM340663,tumor,NMIBC,GPL6102,limma (neqc),illuminaHumanv2.db
69,GSE13507,GSM340664,tumor,NMIBC,GPL6102,limma (neqc),illuminaHumanv2.db
70,GSE13507,GSM340665,tumor,MIBC,GPL6102,limma (neqc),illuminaHumanv2.db
71,GSE13507,GSM340666,tumor,NMIBC,GPL6102,limma (neqc),illuminaHumanv2.db
72,GSE13507,GSM340667,tumor,NMIBC,GPL6102,limma (neqc),illuminaHumanv2.db
73,GSE13507,GSM340668,tumor,NMIBC,GPL6102,limma (neqc),illuminaHumanv2.db
74,GSE13507,GSM340669,tumor,NMIBC,GPL6102,limma (neqc),illuminaHumanv2.db
76,GSE13507,GSM340671,tumor,NMIBC,GPL6102,limma (neqc),illuminaHumanv2.db
78,GSE13507,GSM340673,tumor,MIBC,GPL6102,limma (neqc),illuminaHumanv2.db
79,GSE13507,GSM340674,tumor,MIBC,GPL6102,limma (neqc),illuminaHumanv2.db
80,GSE13507,GSM340675,tumor,NMIBC,GPL6102,limma (neqc),illuminaHumanv2.db
81,GSE13507,GSM340676,tumor,NMIBC,GPL6102,limma (neqc),illuminaHumanv2.db
82,GSE13507,GSM340677,tumor,MIBC,GPL6102,limma (neqc),illuminaHumanv2.db
83,GSE13507,GSM340678,tumor,MIBC,GPL6102,limma (neqc),illuminaHumanv2.db
84,GSE13507,GSM340679,tumor,NMIBC,GPL6102,limma (neqc),illuminaHumanv2.db
86,GSE13507,GSM340681,tumor,NMIBC,GPL6102,limma (neqc),illuminaHumanv2.db
87,GSE13507,GSM340682,tumor,NMIBC,GPL6102,limma (neqc),illuminaHumanv2.db
88,GSE13507,GSM340683,tumor,NMIBC,GPL6102,limma (neqc),illuminaHumanv2.db
89,GSE13507,GSM340684,tumor,MIBC,GPL6102,limma (neqc),illuminaHumanv2.db
91,GSE13507,GSM340686,tumor,NMIBC,GPL6102,limma (neqc),illuminaHumanv2.db
95,GSE13507,GSM340690,tumor,NMIBC,GPL6102,limma (neqc),illuminaHumanv2.db
96,GSE13507,GSM340691,tumor,NMIBC,GPL6102,limma (neqc),illuminaHumanv2.db
97,GSE13507,GSM340692,tumor,NMIBC,GPL6102,limma (neqc),illuminaHumanv2.db
98,GSE13507,GSM340693,tumor,MIBC,GPL6102,limma (neqc),illuminaHumanv2.db
99,GSE13507,GSM340694,tumor,MIBC,GPL6102,limma (neqc),illuminaHumanv2.db
101,GSE13507,GSM340696,tumor,MIBC,GPL6102,limma (neqc),illuminaHumanv2.db
103,GSE13507,GSM340698,tumor,NMIBC,GPL6102,limma (neqc),illuminaHumanv2.db
104,GSE13507,GSM340699,tumor,NMIBC,GPL6102,limma (neqc),illuminaHumanv2.db
105,GSE13507,GSM340700,tumor,MIBC,GPL6102,limma (neqc),illuminaHumanv2.db
106,GSE13507,GSM340701,tumor,MIBC,GPL6102,limma (neqc),illuminaHumanv2.db
107,GSE13507,GSM340702,tumor,MIBC,GPL6102,limma (neqc),illuminaHumanv2.db
108,GSE13507,GSM340703,tumor,NMIBC,GPL6102,limma (neqc),illuminaHumanv2.db
109,GSE13507,GSM340704,tumor,MIBC,GPL6102,limma (neqc),illuminaHumanv2.db
110,GSE13507,GSM340705,tumor,MIBC,GPL6102,limma (neqc),illuminaHumanv2.db
111,GSE13507,GSM340706,tumor,MIBC,GPL6102,limma (neqc),illuminaHumanv2.db
112,GSE13507,GSM340707,tumor,NMIBC,GPL6102,limma (neqc),illuminaHumanv2.db
113,GSE13507,GSM340708,tumor,NMIBC,GPL6102,limma (neqc),illuminaHumanv2.db
115,GSE13507,GSM340710,tumor,NMIBC,GPL6102,limma (neqc),illuminaHumanv2.db
117,GSE13507,GSM340712,tumor,MIBC,GPL6102,limma (neqc),illuminaHumanv2.db
118,GSE13507,GSM340713,tumor,NMIBC,GPL6102,limma (neqc),illuminaHumanv2.db
119,GSE13507,GSM340714,tumor,MIBC,GPL6102,limma (neqc),illuminaHumanv2.db
122,GSE13507,GSM340717,tumor,NMIBC,GPL6102,limma (neqc),illuminaHumanv2.db
123,GSE13507,GSM340718,tumor,MIBC,GPL6102,limma (neqc),illuminaHumanv2.db
124,GSE13507,GSM340719,tumor,NMIBC,GPL6102,limma (neqc),illuminaHumanv2.db
125,GSE13507,GSM340720,tumor,MIBC,GPL6102,limma (neqc),illuminaHumanv2.db
127,GSE13507,GSM340722,tumor,NMIBC,GPL6102,limma (neqc),illuminaHumanv2.db
128,GSE13507,GSM340723,tumor,MIBC,GPL6102,limma (neqc),illuminaHumanv2.db
129,GSE13507,GSM340724,tumor,NMIBC,GPL6102,limma (neqc),illuminaHumanv2.db
130,GSE13507,GSM340725,tumor,MIBC,GPL6102,limma (neqc),illuminaHumanv2.db
131,GSE13507,GSM340726,tumor,NMIBC,GPL6102,limma (neqc),illuminaHumanv2.db
132,GSE13507,GSM340727,tumor,MIBC,GPL6102,limma (neqc),illuminaHumanv2.db
133,GSE13507,GSM340728,tumor,MIBC,GPL6102,limma (neqc),illuminaHumanv2.db
134,GSE13507,GSM340729,tumor,MIBC,GPL6102,limma (neqc),illuminaHumanv2.db
135,GSE13507,GSM340730,tumor,NMIBC,GPL6102,limma (neqc),illuminaHumanv2.db
136,GSE13507,GSM340731,tumor,MIBC,GPL6102,limma (neqc),illuminaHumanv2.db
137,GSE13507,GSM340732,tumor,MIBC,GPL6102,limma (neqc),illuminaHumanv2.db
138,GSE13507,GSM340733,tumor,MIBC,GPL6102,limma (neqc),illuminaHumanv2.db
139,GSE13507,GSM340734,tumor,NMIBC,GPL6102,limma (neqc),illuminaHumanv2.db
140,GSE13507,GSM340735,tumor,NMIBC,GPL6102,limma (neqc),illuminaHumanv2.db
143,GSE13507,GSM340738,tumor,NMIBC,GPL6102,limma (neqc),illuminaHumanv2.db
144,GSE13507,GSM340739,tumor,NMIBC,GPL6102,limma (neqc),illuminaHumanv2.db
145,GSE13507,GSM340740,tumor,NMIBC,GPL6102,limma (neqc),illuminaHumanv2.db
146,GSE13507,GSM340741,tumor,NMIBC,GPL6102,limma (neqc),illuminaHumanv2.db
147,GSE13507,GSM340742,tumor,NMIBC,GPL6102,limma (neqc),illuminaHumanv2.db
149,GSE13507,GSM340744,tumor,NMIBC,GPL6102,limma (neqc),illuminaHumanv2.db
150,GSE13507,GSM340745,tumor,MIBC,GPL6102,limma (neqc),illuminaHumanv2.db
151,GSE13507,GSM340746,tumor,MIBC,GPL6102,limma (neqc),illuminaHumanv2.db
152,GSE13507,GSM340747,tumor,MIBC,GPL6102,limma (neqc),illuminaHumanv2.db
153,GSE13507,GSM340748,tumor,NMIBC,GPL6102,limma (neqc),illuminaHumanv2.db
154,GSE13507,GSM340749,tumor,NMIBC,GPL6102,limma (neqc),illuminaHumanv2.db
155,GSE13507,GSM340750,tumor,NMIBC,GPL6102,limma (neqc),illuminaHumanv2.db
156,GSE13507,GSM340751,tumor,NMIBC,GPL6102,limma (neqc),illuminaHumanv2.db
157,GSE13507,GSM340752,tumor,NMIBC,GPL6102,limma (neqc),illuminaHumanv2.db
158,GSE13507,GSM340753,tumor,NMIBC,GPL6102,limma (neqc),illuminaHumanv2.db
159,GSE13507,GSM340754,tumor,NMIBC,GPL6102,limma (neqc),illuminaHumanv2.db
160,GSE13507,GSM340755,tumor,NMIBC,GPL6102,limma (neqc),illuminaHumanv2.db
162,GSE13507,GSM340757,tumor,MIBC,GPL6102,limma (neqc),illuminaHumanv2.db
163,GSE13507,GSM340758,tumor,MIBC,GPL6102,limma (neqc),illuminaHumanv2.db
164,GSE13507,GSM340759,tumor,MIBC,GPL6102,limma (neqc),illuminaHumanv2.db
165,GSE13507,GSM340760,tumor,MIBC,GPL6102,limma (neqc),illuminaHumanv2.db
166,GSE13507,GSM340761,tumor,MIBC,GPL6102,limma (neqc),illuminaHumanv2.db
167,GSE13507,GSM340762,tumor,MIBC,GPL6102,limma (neqc),illuminaHumanv2.db
168,GSE13507,GSM340763,tumor,MIBC,GPL6102,limma (neqc),illuminaHumanv2.db
169,GSE13507,GSM340764,tumor,MIBC,GPL6102,limma (neqc),illuminaHumanv2.db
170,GSE13507,GSM340765,tumor,MIBC,GPL6102,limma (neqc),illuminaHumanv2.db
171,GSE13507,GSM340766,tumor,MIBC,GPL6102,limma (neqc),illuminaHumanv2.db
172,GSE13507,GSM340767,tumor,MIBC,GPL6102,limma (neqc),illuminaHumanv2.db
173,GSE13507,GSM340768,tumor,NMIBC,GPL6102,limma (neqc),illuminaHumanv2.db
174,GSE13507,GSM340769,tumor,MIBC,GPL6102,limma (neqc),illuminaHumanv2.db
176,GSE13507,GSM340771,tumor,NMIBC,GPL6102,limma (neqc),illuminaHumanv2.db
177,GSE13507,GSM340772,tumor,NMIBC,GPL6102,limma (neqc),illuminaHumanv2.db
178,GSE13507,GSM340773,tumor,NMIBC,GPL6102,limma (neqc),illuminaHumanv2.db
180,GSE13507,GSM340775,tumor,NMIBC,GPL6102,limma (neqc),illuminaHumanv2.db
181,GSE13507,GSM340776,tumor,NMIBC,GPL6102,limma (neqc),illuminaHumanv2.db
182,GSE13507,GSM340777,tumor,NMIBC,GPL6102,limma (neqc),illuminaHumanv2.db
183,GSE13507,GSM340778,tumor,NMIBC,GPL6102,limma (neqc),illuminaHumanv2.db
184,GSE13507,GSM340779,tumor,NMIBC,GPL6102,limma (neqc),illuminaHumanv2.db
185,GSE13507,GSM340780,tumor,NMIBC,GPL6102,limma (neqc),illuminaHumanv2.db
186,GSE13507,GSM340781,tumor,NMIBC,GPL6102,limma (neqc),illuminaHumanv2.db
187,GSE13507,GSM340782,tumor,NMIBC,GPL6102,limma (neqc),illuminaHumanv2.db
188,GSE13507,GSM340783,tumor,NMIBC,GPL6102,limma (neqc),illuminaHumanv2.db
189,GSE13507,GSM340784,tumor,NMIBC,GPL6102,limma (neqc),illuminaHumanv2.db
191,GSE13507,GSM340786,tumor,NMIBC,GPL6102,limma (neqc),illuminaHumanv2.db
192,GSE13507,GSM340787,tumor,NMIBC,GPL6102,limma (neqc),illuminaHumanv2.db
193,GSE13507,GSM340788,tumor,NMIBC,GPL6102,limma (neqc),illuminaHumanv2.db
194,GSE13507,GSM340789,tumor,NMIBC,GPL6102,limma (neqc),illuminaHumanv2.db
195,GSE13507,GSM340790,tumor,NMIBC,GPL6102,limma (neqc),illuminaHumanv2.db
196,GSE13507,GSM340791,tumor,NMIBC,GPL6102,limma (neqc),illuminaHumanv2.db
197,GSE13507,GSM340792,tumor,NMIBC,GPL6102,limma (neqc),illuminaHumanv2.db
198,GSE3167,GSM71019,non_tumor,non_cancer_individual,GPL96,affy (rma),hgu133a.db
199,GSE3167,GSM71020,non_tumor,non_cancer_individual,GPL96,affy (rma),hgu133a.db
200,GSE3167,GSM71021,non_tumor,non_cancer_individual,GPL96,affy (rma),hgu133a.db
201,GSE3167,GSM71022,non_tumor,non_cancer_individual,GPL96,affy (rma),hgu133a.db
202,GSE3167,GSM71023,non_tumor,non_cancer_individual,GPL96,affy (rma),hgu133a.db
203,GSE3167,GSM71024,non_tumor,non_cancer_individual,GPL96,affy (rma),hgu133a.db
204,GSE3167,GSM71025,non_tumor,non_cancer_individual,GPL96,affy (rma),hgu133a.db
205,GSE3167,GSM71026,non_tumor,non_cancer_individual,GPL96,affy (rma),hgu133a.db
206,GSE3167,GSM71028,tumor,NMIBC,GPL96,affy (rma),hgu133a.db
207,GSE3167,GSM71029,tumor,NMIBC,GPL96,affy (rma),hgu133a.db
208,GSE3167,GSM71030,tumor,NMIBC,GPL96,affy (rma),hgu133a.db
209,GSE3167,GSM71031,tumor,NMIBC,GPL96,affy (rma),hgu133a.db
210,GSE3167,GSM71032,tumor,NMIBC,GPL96,affy (rma),hgu133a.db
211,GSE3167,GSM71033,tumor,NMIBC,GPL96,affy (rma),hgu133a.db
212,GSE3167,GSM71034,tumor,NMIBC,GPL96,affy (rma),hgu133a.db
213,GSE3167,GSM71035,tumor,NMIBC,GPL96,affy (rma),hgu133a.db
214,GSE3167,GSM71036,tumor,NMIBC,GPL96,affy (rma),hgu133a.db
215,GSE3167,GSM71037,tumor,MIBC,GPL96,affy (rma),hgu133a.db
216,GSE3167,GSM71038,tumor,NMIBC,GPL96,affy (rma),hgu133a.db
217,GSE3167,GSM71039,tumor,MIBC,GPL96,affy (rma),hgu133a.db
218,GSE3167,GSM71040,tumor,MIBC,GPL96,affy (rma),hgu133a.db
219,GSE3167,GSM71041,tumor,MIBC,GPL96,affy (rma),hgu133a.db
220,GSE3167,GSM71042,tumor,NMIBC,GPL96,affy (rma),hgu133a.db
221,GSE3167,GSM71043,tumor,NMIBC,GPL96,affy (rma),hgu133a.db
222,GSE3167,GSM71044,tumor,NMIBC,GPL96,affy (rma),hgu133a.db
223,GSE3167,GSM71045,tumor,NMIBC,GPL96,affy (rma),hgu133a.db
224,GSE3167,GSM71046,tumor,NMIBC,GPL96,affy (rma),hgu133a.db
225,GSE3167,GSM71047,tumor,MIBC,GPL96,affy (rma),hgu133a.db
226,GSE3167,GSM71048,tumor,MIBC,GPL96,affy (rma),hgu133a.db
227,GSE3167,GSM71049,tumor,NMIBC,GPL96,affy (rma),hgu133a.db
228,GSE3167,GSM71050,tumor,MIBC,GPL96,affy (rma),hgu133a.db
229,GSE3167,GSM71051,tumor,MIBC,GPL96,affy (rma),hgu133a.db
230,GSE3167,GSM71052,tumor,MIBC,GPL96,affy (rma),hgu133a.db
231,GSE3167,GSM71053,tumor,NMIBC,GPL96,affy (rma),hgu133a.db
232,GSE3167,GSM71054,tumor,MIBC,GPL96,affy (rma),hgu133a.db
233,GSE3167,GSM71055,tumor,NMIBC,GPL96,affy (rma),hgu133a.db
234,GSE3167,GSM71056,tumor,NMIBC,GPL96,affy (rma),hgu133a.db
235,GSE3167,GSM71057,tumor,MIBC,GPL96,affy (rma),hgu133a.db
236,GSE3167,GSM71058,tumor,NMIBC,GPL96,affy (rma),hgu133a.db
237,GSE3167,GSM71059,tumor,NMIBC,GPL96,affy (rma),hgu133a.db
238,GSE3167,GSM71060,tumor,MIBC,GPL96,affy (rma),hgu133a.db
239,GSE3167,GSM71061,tumor,NMIBC,GPL96,affy (rma),hgu133a.db
240,GSE3167,GSM71062,tumor,NMIBC,GPL96,affy (rma),hgu133a.db
241,GSE3167,GSM71063,tumor,NMIBC,GPL96,affy (rma),hgu133a.db
242,GSE3167,GSM71064,tumor,NMIBC,GPL96,affy (rma),hgu133a.db
243,GSE3167,GSM71065,tumor,NMIBC,GPL96,affy (rma),hgu133a.db
244,GSE3167,GSM71066,tumor,MIBC,GPL96,affy (rma),hgu133a.db
245,GSE3167,GSM71067,tumor,NMIBC,GPL96,affy (rma),hgu133a.db
246,GSE3167,GSM71068,tumor,NMIBC,GPL96,affy (rma),hgu133a.db
247,GSE52519,GSM1268190,tumor,MIBC,GPL6884,limma (neqc),illuminaHumanv3.db
248,GSE52519,GSM1268191,tumor,NMIBC,GPL6884,limma (neqc),illuminaHumanv3.db
249,GSE52519,GSM1268192,tumor,MIBC,GPL6884,limma (neqc),illuminaHumanv3.db
250,GSE52519,GSM1268193,tumor,MIBC,GPL6884,limma (neqc),illuminaHumanv3.db
251,GSE52519,GSM1268194,tumor,MIBC,GPL6884,limma (neqc),illuminaHumanv3.db
252,GSE52519,GSM1268195,tumor,MIBC,GPL6884,limma (neqc),illuminaHumanv3.db
253,GSE52519,GSM1268196,tumor,MIBC,GPL6884,limma (neqc),illuminaHumanv3.db
254,GSE52519,GSM1268197,tumor,MIBC,GPL6884,limma (neqc),illuminaHumanv3.db
255,GSE52519,GSM1268198,tumor,MIBC,GPL6884,limma (neqc),illuminaHumanv3.db
256,GSE52519,GSM1268199,non_tumor,non_cancer_individual,GPL6884,limma (neqc),illuminaHumanv3.db
257,GSE52519,GSM1268200,non_tumor,non_cancer_individual,GPL6884,limma (neqc),illuminaHumanv3.db
258,GSE52519,GSM1268201,non_tumor,non_cancer_individual,GPL6884,limma (neqc),illuminaHumanv3.db
259,GSE65635,GSM1602279,non_tumor,non_cancer_individual,GPL14951,limma (neqc),illuminaHumanv4.db
260,GSE65635,GSM1602280,non_tumor,non_cancer_individual,GPL14951,limma (neqc),illuminaHumanv4.db
261,GSE65635,GSM1602281,non_tumor,non_cancer_individual,GPL14951,limma (neqc),illuminaHumanv4.db
262,GSE65635,GSM1602282,non_tumor,non_cancer_individual,GPL14951,limma (neqc),illuminaHumanv4.db
263,GSE65635,GSM1602283,tumor,NMIBC,GPL14951,limma (neqc),illuminaHumanv4.db
264,GSE65635,GSM1602284,tumor,MIBC,GPL14951,limma (neqc),illuminaHumanv4.db
265,GSE65635,GSM1602285,tumor,NMIBC,GPL14951,limma (neqc),illuminaHumanv4.db
266,GSE65635,GSM1602286,tumor,NMIBC,GPL14951,limma (neqc),illuminaHumanv4.db
267,GSE65635,GSM1602287,tumor,MIBC,GPL14951,limma (neqc),illuminaHumanv4.db
268,GSE65635,GSM1602288,tumor,MIBC,GPL14951,limma (neqc),illuminaHumanv4.db
269,GSE65635,GSM1602289,tumor,NMIBC,GPL14951,limma (neqc),illuminaHumanv4.db
270,GSE65635,GSM1602290,tumor,NMIBC,GPL14951,limma (neqc),illuminaHumanv4.db
271,GSE7476,GSM180991,non_tumor,non_cancer_individual,GPL570,affy (rma),hgu133plus2.db
272,GSE7476,GSM180992,non_tumor,non_cancer_individual,GPL570,affy (rma),hgu133plus2.db
273,GSE7476,GSM180993,non_tumor,non_cancer_individual,GPL570,affy (rma),hgu133plus2.db
274,GSE7476,GSM180994,tumor,NMIBC,GPL570,affy (rma),hgu133plus2.db
275,GSE7476,GSM180995,tumor,NMIBC,GPL570,affy (rma),hgu133plus2.db
276,GSE7476,GSM180996,tumor,NMIBC,GPL570,affy (rma),hgu133plus2.db
277,GSE7476,GSM180997,tumor,NMIBC,GPL570,affy (rma),hgu133plus2.db
278,GSE7476,GSM180998,tumor,NMIBC,GPL570,affy (rma),hgu133plus2.db
279,GSE7476,GSM180999,tumor,NMIBC,GPL570,affy (rma),hgu133plus2.db
280,GSE7476,GSM181000,tumor,MIBC,GPL570,affy (rma),hgu133plus2.db
281,GSE7476,GSM181001,tumor,MIBC,GPL570,affy (rma),hgu133plus2.db
282,GSE7476,GSM181002,tumor,MIBC,GPL570,affy (rma),hgu133plus2.db
283,GSE76211,GSM1976573,tumor,MIBC,GPL17586,oligo (rma),hta20transcriptcluster.db
284,GSE76211,GSM1976574,tumor,MIBC,GPL17586,oligo (rma),hta20transcriptcluster.db
285,GSE76211,GSM1976575,tumor,MIBC,GPL17586,oligo (rma),hta20transcriptcluster.db
286,GSE76211,GSM1976577,non_tumor,non_cancer_individual,GPL17586,oligo (rma),hta20transcriptcluster.db
287,GSE76211,GSM1976579,non_tumor,non_cancer_individual,GPL17586,oligo (rma),hta20transcriptcluster.db
288,GSE76211,GSM1976580,non_tumor,non_cancer_individual,GPL17586,oligo (rma),hta20transcriptcluster.db
