"EntrezID","GeneSymbol","Coeficiente","logFC_principal","FDR_principal","DEG_limma","logFC_validacao","FDR_validacao","DEG_validacao","auc","direcao_concordante"
"10212","DDX39A",0.229846011930612,1.27236326449495,1.71882972977161e-23,TRUE,1.07212846345601,1.42954224959227e-12,TRUE,0.916264090177134,TRUE
"10221","TRIB1",0.0794213029383806,1.30679028575888,7.99781131553394e-11,TRUE,2.32554752159444,4.64168721450206e-16,TRUE,0.971704623878537,TRUE
"10351","ABCA8",-0.142069743557351,-2.49307442282147,1.1819157943889e-27,TRUE,-6.02547397284302,5.69897989035915e-82,TRUE,0.995514147688061,TRUE
"10562","OLFM4",-0.0537295503563237,-1.16355696758647,2.92286595980722e-05,TRUE,-0.355949838231549,0.756072592962963,FALSE,0.452380952380952,TRUE
"26472","PPP1R14B",0.0164222130713567,1.10836337277039,3.36615734395055e-19,TRUE,2.30367390970221,6.22963504376631e-25,TRUE,0.934092477570738,TRUE
"29127","RACGAP1",0.20112639233313,1.05715283145842,1.0022196013687e-18,TRUE,2.21254520277875,2.45931770367171e-13,TRUE,0.971589602024385,TRUE
"5121","PCP4",-0.0327039592705528,-4.29016078876204,7.86139603170815e-26,TRUE,-6.83653545616338,5.05873014279324e-46,TRUE,0.93064182194617,TRUE
"6622","SNCA",-0.0125455801326671,-1.30320743616213,1.06408029415562e-16,TRUE,-1.80108275591659,3.27030624541049e-08,TRUE,0.832298136645963,TRUE
"7153","TOP2A",0.0207956309938138,3.00309146066735,3.92979818133764e-20,TRUE,6.22495820489797,2.5827699905538e-27,TRUE,0.997929606625259,TRUE
"79776","ZFHX4",-0.323482493751235,-1.13381483777222,6.14855232289101e-29,TRUE,-3.50208605134287,2.68338267418271e-26,TRUE,0.941108810674028,TRUE
"8434","RECK",-0.327589124520908,-1.81284959913517,8.69048286547656e-44,TRUE,-2.79398286270208,5.15205073466585e-43,TRUE,0.988267770876467,TRUE
"983","CDK1",0.0651330358102966,1.54458957105178,2.2866447258309e-17,TRUE,5.02889892232463,5.50817695652479e-27,TRUE,0.998619737750173,TRUE
"9890","PLPPR4",-0.39673888477518,-2.18347019168828,2.89113627480524e-43,TRUE,-3.23579336805705,2.56841064770658e-26,TRUE,0.820565907522429,TRUE
