"","category","subcategory","ID","Description","GeneRatio","BgRatio","RichFactor","FoldEnrichment","oddsRatio","zScore","pvalue","p.adjust","qvalue","geneID","Count"
"hsa04820","Cellular Processes","Cell motility","hsa04820","Cytoskeleton in muscle cells","29/260","138/4570",0.210144927536232,3.69370122630992,4.83851622383732,7.89128464952574,3.6161495225721e-10,1.04506721202334e-07,1.04506721202334e-07,"SGCE/ACTG2/DMD/THBS2/ENO1/MYL9/ITGA8/SDC1/ACTC1/LMOD1/FLNC/MYOM1/SSPN/CSRP1/VIM/COL6A3/PDLIM3/MYH11/COL6A2/ITGA5/DCN/DES/FHL1/FBLN2/TPM1/TMOD1/TPM2/COL6A1/COL1A2",29
"hsa04518","Environmental Information Processing","Signaling molecules and interaction","hsa04518","Integrin signaling","19/260","103/4570",0.184466019417476,3.24234503360717,3.96631100573009,5.65290507985543,3.73783813025998e-06,0.000540117609822567,0.000540117609822567,"PDGFD/THBS2/TNC/CCND2/LAMC3/LIMS2/ITGA8/VEGFA/GSK3B/PDGFRA/FLNA/SPP1/COL6A3/COL6A2/ITGA5/FERMT2/PDGFC/COL6A1/COL1A2",19
"hsa04110","Cellular Processes","Cell growth and death","hsa04110","Cell cycle","21/260","127/4570",0.165354330708661,2.90642035130224,3.48480303149917,5.35107437498117,7.05411286398979e-06,0.000563158078267944,0.000563158078267944,"TTK/CDT1/CCNB2/SFN/CDC45/MCM2/CCND2/TGFB3/TRIP13/CCNE1/GSK3B/PTTG1/CDC20/YWHAZ/CCNA2/AURKB/MCM4/PCNA/CDK1/CCNB1/MCM7",21
"hsa05150","Human Diseases","Infectious disease: bacterial","hsa05150","Staphylococcus aureus infection","12/260","47/4570",0.25531914893617,4.48772504091653,5.91013824884793,5.90250675131938,7.79457547775702e-06,0.000563158078267944,0.000563158078267944,"KRT14/KRT20/KRT18/C1S/CFH/KRT19/HLA-DPA1/CFD/KRT15/KRT17/KRT16/HLA-DRB1",12
"hsa04510","Cellular Processes","Cellular community - eukaryotes","hsa04510","Focal adhesion","22/260","140/4570",0.157142857142857,2.76208791208791,3.28386269762142,5.20053884443124,9.96034193200485e-06,0.00057570776366988,0.00057570776366988,"PDGFD/THBS2/TNC/MYL9/CCND2/LAMC3/ITGA8/VEGFA/PPP1R12B/CAV1/GSK3B/PDGFRA/FLNA/SPP1/COL6A3/COL6A2/ITGA5/PDGFC/MYLK/COL6A1/COL1A2/BCL2",22
"hsa04512","Environmental Information Processing","Signaling molecules and interaction","hsa04512","ECM-receptor interaction","12/260","52/4570",0.230769230769231,4.05621301775148,5.16532258064516,5.4434068778337,2.38308027072878e-05,0.00114785033040103,0.00114785033040103,"THBS2/TNC/LAMC3/HMMR/ITGA8/SDC1/SPP1/COL6A3/COL6A2/ITGA5/COL6A1/COL1A2",12
"hsa04382","Organismal Systems","Development and regeneration","hsa04382","Cornified envelope formation","15/260","95/4570",0.157894736842105,2.7753036437247,3.23724489795918,4.29434117577776,0.000254340740891251,0.0105006391596531,0.0105006391596531,"KRT14/EPHX3/KRT20/EVPL/KRT18/KRT8/KRT7/PRSS8/KRT19/KRT15/KRT17/KRT16/S100A8/SPRR1A/S100A9",15
"hsa04610","Organismal Systems","Immune system","hsa04610","Complement and coagulation cascades","9/260","43/4570",0.209302325581395,3.6788908765653,4.50949144598078,4.33453607349431,0.000554773638288388,0.020041197683168,0.020041197683168,"SERPING1/SERPINE2/C1S/CFH/C7/PROS1/CFD/PLAT/A2M",9
"hsa05410","Human Diseases","Cardiovascular disease","hsa05410","Hypertrophic cardiomyopathy","10/260","55/4570",0.181818181818182,3.1958041958042,3.79111111111111,4.02350639525972,0.000896042789796904,0.0287729295834784,0.0287729295834784,"SGCE/DMD/ITGA8/TGFB3/ACTC1/SSPN/ITGA5/DES/TPM1/TPM2",10
"hsa05414","Human Diseases","Cardiovascular disease","hsa05414","Dilated cardiomyopathy","10/260","56/4570",0.178571428571429,3.13873626373626,3.70782608695652,3.9548415414999,0.001037268727986,0.0299770662387954,0.0299770662387954,"SGCE/DMD/ITGA8/TGFB3/ACTC1/SSPN/ITGA5/DES/TPM1/TPM2",10
"hsa04519","Environmental Information Processing","Signaling molecules and interaction","hsa04519","Cadherin signaling","21/260","181/4570",0.116022099447514,2.03931151721207,2.27902719665272,3.50397383820771,0.00126140919965942,0.0331406598819612,0.0331406598819612,"KRT14/KRT20/CELSR3/RRAS/CDH3/KRT18/LHFPL6/KRT8/KRT7/GSK3B/PDGFRA/KRT19/VIM/KRT15/YWHAZ/KRT17/KRT16/DES/FZD7/CDH11/MAPK13",21
"hsa05144","Human Diseases","Infectious disease: parasitic","hsa05144","Malaria","7/260","31/4570",0.225806451612903,3.96898263027295,4.94104084321476,4.07349352472078,0.00143775467621382,0.0346259251188161,0.0346259251188161,"ACKR1/THBS2/KLRB1/TGFB3/SDC1/CXCL8/GYPC",7
"hsa04151","Environmental Information Processing","Signal transduction","hsa04151","PI3K-Akt signaling pathway","23/260","211/4570",0.109004739336493,1.91596791833759,2.12779423646647,3.34569751594832,0.00174985435624684,0.0389006083811798,0.0389006083811798,"GNG11/PDGFD/THBS2/TNC/FGFR3/CCND2/LAMC3/GHR/ITGA8/VEGFA/CCNE1/GSK3B/PDGFRA/SPP1/COL6A3/YWHAZ/COL6A2/ITGA5/LPAR1/PDGFC/COL6A1/COL1A2/BCL2",23
