"category","subcategory","ID","Description","GeneRatio","BgRatio","RichFactor","FoldEnrichment","oddsRatio","zScore","pvalue","p.adjust","qvalue","geneID","Count"
"Cellular Processes","Cell motility","hsa04820","Cytoskeleton in muscle cells","29/157","138/4570",0.210144927536232,6.11695744484446,8.94610091743119,11.5118444850124,6.27120833447809e-16,1.46746275026787e-13,1.46746275026787e-13,"DMD/THBS2/COL4A6/MYL9/SGCE/ACTG2/FLNC/MYH11/COL4A5/COL6A3/PDLIM3/LMOD1/COL6A1/MYOM1/ITGA5/TMOD1/SSPN/FHL1/ACTC1/TPM2/VIM/ITGA8/DES/FBLN2/TPM1/COL6A2/CSRP1/COL1A2/DCN",29
"Environmental Information Processing","Signaling molecules and interaction","hsa04518","Integrin signaling","20/157","103/4570",0.194174757281553,5.65209325335477,7.61586491953214,9.00642609023368,1.40507406414262e-10,1.64393665504687e-08,1.64393665504687e-08,"THBS2/ACTN1/COL4A6/FERMT2/COL4A5/COL6A3/FLNA/COL6A1/PDGFC/C3/ITGA5/PDGFRA/LAMC3/ITGA8/CCND2/LIMS2/COL6A2/PDGFD/COL1A2/TNC",20
"Cellular Processes","Cellular community - eukaryotes","hsa04510","Focal adhesion","22/157","140/4570",0.157142857142857,4.57415832575068,5.93157564344005,8.10082747345051,1.15265622295435e-09,8.99071853904394e-08,8.99071853904394e-08,"THBS2/ACTN1/COL4A6/PPP1R12B/MYL9/CAV1/BCL2/COL4A5/COL6A3/FLNA/COL6A1/PDGFC/ITGA5/PDGFRA/LAMC3/ITGA8/CCND2/COL6A2/MYLK/PDGFD/COL1A2/TNC",22
"Environmental Information Processing","Signaling molecules and interaction","hsa04512","ECM-receptor interaction","11/157","52/4570",0.211538461538462,6.15752082312592,8.03407951887738,7.05444724613441,9.91225916663051e-07,5.79867161247885e-05,5.79867161247885e-05,"THBS2/COL4A6/COL4A5/COL6A3/COL6A1/ITGA5/LAMC3/ITGA8/COL6A2/COL1A2/TNC",11
"Organismal Systems","Immune system","hsa04610","Complement and coagulation cascades","10/157","43/4570",0.232558139534884,6.76936750111095,9.02906617192331,7.16886869426861,1.24138135182025e-06,5.80966472651878e-05,5.80966472651878e-05,"CFD/SERPING1/A2M/C3/CFH/C1S/PROS1/SERPINE2/PLAT/C7",10
"Organismal Systems","Digestive system","hsa04974","Protein digestion and absorption","10/157","46/4570",0.217391304347826,6.32788701190806,8.27097505668934,6.84961348398876,2.41447912393167e-06,9.41646858333351e-05,9.41646858333351e-05,"CPA3/COL4A6/COL15A1/COL4A5/COL6A3/COL6A1/COL14A1/COL16A1/COL6A2/COL1A2",10
"Organismal Systems","Circulatory system","hsa04270","Vascular smooth muscle contraction","13/157","84/4570",0.154761904761905,4.50485289657264,5.52093114241002,6.11467311046965,4.27088759106295e-06,0.000142769670901247,0.000142769670901247,"ACTA2/PPP1R12B/MYL9/ACTG2/MYH11/PLA2G4C/CALD1/AGTR1/ITPR1/RAMP1/EDNRA/KCNMB1/MYLK",13
"Human Diseases","Cardiovascular disease","hsa05410","Hypertrophic cardiomyopathy","10/157","55/4570",0.181818181818182,5.29241459177765,6.6031746031746,6.04014787958343,1.32667551567679e-05,0.000388052588335462,0.000388052588335462,"DMD/SGCE/ITGA5/SSPN/ACTC1/TPM2/ITGA8/DES/TPM1/TGFB3",10
"Human Diseases","Cardiovascular disease","hsa05414","Dilated cardiomyopathy","10/157","56/4570",0.178571428571429,5.19790718835305,6.45814847678202,5.96127985094197,1.56792435307406e-05,0.000407660331799257,0.000407660331799257,"DMD/SGCE/ITGA5/SSPN/ACTC1/TPM2/ITGA8/DES/TPM1/TGFB3",10
"Environmental Information Processing","Signal transduction","hsa04151","PI3K-Akt signaling pathway","19/157","211/4570",0.0900473933649289,2.6211247622785,3.02683423913043,4.54734258675392,9.02570929010267e-05,0.00211201597388403,0.00211201597388403,"LPAR1/THBS2/COL4A6/BCL2/GHR/COL4A5/COL6A3/COL6A1/PDGFC/ITGA5/GNG11/PDGFRA/LAMC3/ITGA8/CCND2/COL6A2/PDGFD/COL1A2/TNC",19
"Cellular Processes","Cell motility","hsa04810","Regulation of actin cytoskeleton","14/157","149/4570",0.0939597315436242,2.73500619843543,3.1024087024087,4.06094725670058,0.000519372612527236,0.0110484719392157,0.0110484719392157,"CXCL12/LPAR1/ACTN1/PPP1R12B/MYL9/MYH11/PDGFC/ITGA5/PDGFRA/RRAS/ITGA8/C7/MYLK/PDGFD",14
"Metabolism","Metabolism of cofactors and vitamins","hsa00830","Retinol metabolism","4/157","16/4570",0.25,7.27707006369427,9.58823529411765,4.74366373906681,0.00176614231307889,0.0344397751050384,0.0344397751050384,"ADH1A/ALDH1A2/HSD17B6/ALDH1A1",4
