"ID","Description","GeneRatio","BgRatio","RichFactor","FoldEnrichment","oddsRatio","zScore","pvalue","p.adjust","qvalue","geneID","Count"
"R-HSA-1474244","Extracellular matrix organization","37/200","191/5997",0.193717277486911,5.80861256544503,8.31770376862401,12.5441753025525,4.7046216625021e-19,2.33819696626355e-16,2.33819696626355e-16,"DMD/ACTA2/ACTN1/COL4A6/COL15A1/DDR2/SGCE/ACTG2/P3H2/MFAP4/COL4A5/COL6A3/MFAP5/COL6A1/A2M/JAM3/ITGA5/SSPN/ACTC1/LAMC3/ITGA8/LUM/FBLN5/JAM2/COL14A1/FBLN2/COL16A1/PCOLCE2/COL6A2/ADAMTS1/COL1A2/DCN/TGFB3/LTBP4/TNC/EFEMP1/EMILIN1",37
"R-HSA-397014","Muscle contraction","20/200","86/5997",0.232558139534884,6.97325581395349,9.64814814814815,10.3627261193492,2.98370920280536e-12,7.41451736897133e-10,7.41451736897133e-10,"DMD/ACTA2/MYL9/ACTG2/MYH11/TRPC1/SORBS1/CALD1/LMOD1/FXYD6/TMOD1/ITPR1/ACTC1/TPM2/VIM/DES/TPM1/CASQ2/MYLK/ALDH2",20
"R-HSA-1566948","Elastic fibre formation","10/200","26/5997",0.384615384615385,11.5326923076923,19.0164473684211,9.99647065462895,4.53825743762239e-09,7.51837982166109e-07,7.51837982166109e-07,"MFAP4/MFAP5/ITGA5/ITGA8/FBLN5/FBLN2/TGFB3/LTBP4/EFEMP1/EMILIN1",10
"R-HSA-445355","Smooth Muscle Contraction","11/200","35/5997",0.314285714285714,9.42385714285714,13.9997795414462,9.28310342954251,8.93168321461114e-09,1.10976163941543e-06,1.10976163941543e-06,"ACTA2/MYL9/ACTG2/MYH11/SORBS1/CALD1/LMOD1/TPM2/TPM1/MYLK/ALDH2",11
"R-HSA-1650814","Collagen biosynthesis and modifying enzymes","11/200","36/5997",0.305555555555556,9.16208333333333,13.4374603174603,9.1229831709772,1.24899643451182e-08,1.24150245590475e-06,1.24150245590475e-06,"COL4A6/COL15A1/P3H2/COL4A5/COL6A3/COL6A1/COL14A1/COL16A1/PCOLCE2/COL6A2/COL1A2",11
"R-HSA-2129379","Molecules associated with elastic fibres","9/200","23/5997",0.391304347826087,11.7332608695652,19.4640987284966,9.57871283515607,2.32578988050869e-08,1.58941430311833e-06,1.58941430311833e-06,"MFAP4/MFAP5/ITGA8/FBLN5/FBLN2/TGFB3/LTBP4/EFEMP1/EMILIN1",9
"R-HSA-8948216","Collagen chain trimerization","9/200","23/5997",0.391304347826087,11.7332608695652,19.4640987284966,9.57871283515607,2.32578988050869e-08,1.58941430311833e-06,1.58941430311833e-06,"COL4A6/COL15A1/COL4A5/COL6A3/COL6A1/COL14A1/COL16A1/COL6A2/COL1A2",9
"R-HSA-3000171","Non-integrin membrane-ECM interactions","13/200","57/5997",0.228070175438596,6.83868421052632,9.08957219251337,8.22627742804335,2.87821503582797e-08,1.58941430311833e-06,1.58941430311833e-06,"DMD/ACTA2/ACTN1/COL4A6/DDR2/SGCE/ACTG2/COL4A5/SSPN/ACTC1/LAMC3/COL1A2/TNC",13
"R-HSA-216083","Integrin cell surface interactions","13/200","57/5997",0.228070175438596,6.83868421052632,9.08957219251337,8.22627742804335,2.87821503582797e-08,1.58941430311833e-06,1.58941430311833e-06,"COL4A6/COL4A5/COL6A3/COL6A1/JAM3/ITGA5/ITGA8/LUM/JAM2/COL16A1/COL6A2/COL1A2/TNC",13
"R-HSA-3000178","ECM proteoglycans","11/200","47/5997",0.234042553191489,7.01776595744681,9.31378600823045,7.69254240592464,2.622972716213e-07,1.30361743995786e-05,1.30361743995786e-05,"COL4A6/COL4A5/COL6A3/COL6A1/ITGA8/LUM/COL6A2/COL1A2/DCN/TGFB3/TNC",11
"R-HSA-1474290","Collagen formation","11/200","50/5997",0.22,6.5967,8.59286392619726,7.38094927512281,5.15217250244396e-07,2.32784521246786e-05,2.32784521246786e-05,"COL4A6/COL15A1/P3H2/COL4A5/COL6A3/COL6A1/COL14A1/COL16A1/PCOLCE2/COL6A2/COL1A2",11
"R-HSA-390522","Striated Muscle Contraction","7/200","17/5997",0.411764705882353,12.3467647058824,20.9891191709845,8.70141891573474,6.05267192652496e-07,2.50681495623575e-05,2.50681495623575e-05,"DMD/TMOD1/ACTC1/TPM2/VIM/DES/TPM1",7
"R-HSA-114608","Platelet degranulation","13/200","80/5997",0.1625,4.8725625,5.94540665655679,6.47644682717705,1.88314223318577e-06,7.19939761456406e-05,7.19939761456406e-05,"SERPINA3/ACTN1/RARRES2/CLEC3B/CFD/FLNA/SERPING1/A2M/GAS6/PROS1/ISLR/PCDH7/TGFB3",13
"R-HSA-76005","Response to elevated platelet cytosolic Ca2+","13/200","83/5997",0.156626506024096,4.69644578313253,5.68762414056532,6.29835138816095,2.8939638050537e-06,0.000102735715079406,0.000102735715079406,"SERPINA3/ACTN1/RARRES2/CLEC3B/CFD/FLNA/SERPING1/A2M/GAS6/PROS1/ISLR/PCDH7/TGFB3",13
"R-HSA-1442490","Collagen degradation","9/200","41/5997",0.219512195121951,6.58207317073171,8.48903795811518,6.66122753431273,5.91427095318413e-06,0.000195959510915501,0.000195959510915501,"COL4A6/COL15A1/COL4A5/COL6A3/COL6A1/COL14A1/COL16A1/COL6A2/COL1A2",9
"R-HSA-166658","Complement cascade","7/200","23/5997",0.304347826086957,9.12586956521739,13.1045984455959,7.25179160807119,6.43142682827184e-06,0.000199776195853194,0.000199776195853194,"CFD/SERPING1/C3/CFH/C1S/PROS1/C7",7
"R-HSA-1474228","Degradation of the extracellular matrix","12/200","80/5997",0.15,4.49775,5.37765957446809,5.84961298617092,1.11681221258762e-05,0.000326503335091793,0.000326503335091793,"COL4A6/COL15A1/COL4A5/COL6A3/COL6A1/A2M/COL14A1/COL16A1/COL6A2/ADAMTS1/COL1A2/DCN",12
"R-HSA-186797","Signaling by PDGF","9/200","46/5997",0.195652173913043,5.86663043478261,7.33550304230933,6.15398549410647,1.60918657944947e-05,0.000436635320502772,0.000436635320502772,"THBS2/COL4A5/COL6A3/COL6A1/PDGFC/PDGFRA/COL6A2/PLAT/PDGFD",9
"R-HSA-109582","Hemostasis","29/200","377/5997",0.0769230769230769,2.30653846153846,2.65545808966862,4.86708438378088,1.66922959548343e-05,0.000436635320502772,0.000436635320502772,"TSPAN7/SERPINA3/ACTN1/CAV1/RARRES2/GYPC/CLEC3B/CFD/FLNA/JCHAIN/MGLL/SERPING1/A2M/JAM3/ITGA5/GAS6/P2RX1/ITPR1/GNG11/PROS1/SPN/JAM2/SERPINE2/KCNMB1/PLAT/ISLR/COL1A2/PCDH7/TGFB3",29
"R-HSA-2022090","Assembly of collagen fibrils and other multimeric structures","8/200","36/5997",0.222222222222222,6.66333333333333,8.58482142857143,6.33006213997254,1.80162192257968e-05,0.000447703047761051,0.000447703047761051,"COL4A6/COL15A1/COL4A5/COL6A3/COL6A1/COL14A1/COL6A2/COL1A2",8
"R-HSA-977606","Regulation of Complement cascade","6/200","19/5997",0.315789473684211,9.46894736842105,13.7605075337034,6.86708524776072,2.40877164259284e-05,0.000570075955413638,0.000570075955413638,"SERPING1/C3/CFH/C1S/PROS1/C7",6
"R-HSA-76002","Platelet activation, signaling and aggregation","17/200","166/5997",0.102409638554217,3.07075301204819,3.52132614515715,5.0252189033222,3.28483200429392e-05,0.000742073411879125,0.000742073411879126,"SERPINA3/ACTN1/RARRES2/CLEC3B/CFD/FLNA/MGLL/SERPING1/A2M/GAS6/ITPR1/GNG11/PROS1/ISLR/COL1A2/PCDH7/TGFB3",17
"R-HSA-9913351","Formation of the dystrophin-glycoprotein complex (DGC)","7/200","29/5997",0.241379310344828,7.23775862068966,9.52072538860104,6.25399193036958,3.45267655687841e-05,0.000746078369029814,0.000746078369029814,"DMD/ACTA2/SGCE/ACTG2/SSPN/ACTC1/LAMC3",7
"R-HSA-446353","Cell-extracellular matrix interactions","5/200","17/5997",0.294117647058824,8.81911764705882,12.3611111111111,5.99619538802997,0.000175035063200257,0.00362468443377198,0.00362468443377198,"ACTN1/FERMT2/FLNC/FLNA/LIMS2",5
"R-HSA-202733","Cell surface interactions at the vascular wall","11/200","91/5997",0.120879120879121,3.62456043956044,4.15919312169312,4.68570251715037,0.000197015817779385,0.00391667445745418,0.00391667445745418,"TSPAN7/CAV1/GYPC/JCHAIN/JAM3/ITGA5/GAS6/PROS1/SPN/JAM2/COL1A2",11
"R-HSA-9927432","Developmental Lineage of Mammary Gland Myoepithelial Cells","5/200","18/5997",0.277777777777778,8.32916666666667,11.4082840236686,5.7838994359824,0.000235837452569519,0.00450812361257889,0.00450812361257889,"ACTA2/MYH11/CNN1/ALDH1A1/VIM",5
"R-HSA-211945","Phase I - Functionalization of compounds","8/200","53/5997",0.150943396226415,4.52603773584906,5.32592592592593,4.78883253408805,0.000324278606012247,0.00596912841437358,0.00596912841437358,"CYP27A1/ADH1A/ALDH1A1/PTGS1/CYP1B1/PTGIS/ALDH1B1/ALDH2",8
"R-HSA-5627123","RHO GTPases activate PAKs","5/200","20/5997",0.25,7.49625,9.88376068376068,5.40480786014925,0.000404129223181785,0.00717329371147668,0.00717329371147668,"PPP1R12B/MYL9/MYH11/FLNA/MYLK",5
"R-HSA-5083635","Defective B3GALTL causes PpS","4/200","12/5997",0.333333333333333,9.995,14.7678571428571,5.79300459617595,0.000481427031731146,0.00825066326794412,0.00825066326794412,"THBS2/SBSPON/SPON1/ADAMTS1",4
"R-HSA-5173214","O-glycosylation of TSR domain-containing proteins","4/200","13/5997",0.307692307692308,9.22615384615385,13.124716553288,5.51463624520302,0.000677346901754589,0.0112213803390677,0.0112213803390677,"THBS2/SBSPON/SPON1/ADAMTS1",4
"R-HSA-1566977","Fibronectin matrix formation","4/200","15/5997",0.266666666666667,7.996,10.734693877551,5.03867545163388,0.00122696983111966,0.0196710969698862,0.0196710969698862,"COL4A6/COL4A5/ITGA5/COL1A2",4
"R-HSA-5362517","Signaling by Retinoic Acid","5/200","28/5997",0.178571428571429,5.35446428571429,6.43701226309922,4.2895044122193,0.00206191661955118,0.0320241424974042,0.0320241424974042,"PDK4/ADH1A/ALDH1A2/ALDH1A1/RARB",5
"R-HSA-9924644","Developmental Lineages of the Mammary Gland","5/200","31/5997",0.161290322580645,4.83629032258065,5.69132149901381,3.97735951131042,0.00328721292741968,0.0495074189371995,0.0495074189371995,"ACTA2/MYH11/CNN1/ALDH1A1/VIM",5
