"","ID","Description","GeneRatio","BgRatio","RichFactor","FoldEnrichment","oddsRatio","zScore","pvalue","p.adjust","qvalue","geneID","Count"
"R-HSA-1474244","R-HSA-1474244","Extracellular matrix organization","42/323","191/5997",0.219895287958115,4.08269982007683,5.54228665599847,10.3299165352227,1.04391841503695e-15,9.46834002438511e-13,9.46834002438511e-13,"MMP12/SGCE/ACTG2/JAM2/ACTA2/COL16A1/DMD/COL15A1/TNC/EMILIN1/LAMC3/DDR2/ITGA8/TGFB3/SDC1/ACTC1/LUM/MFAP5/LTBP4/SSPN/FBLN5/P3H2/PCOLCE2/SPP1/COL6A3/MFAP4/COL6A2/NCAM1/ITGA5/CEACAM6/DCN/COL14A1/TIMP2/FBLN2/MMP10/A2M/JAM3/COL6A1/ADAMTS1/MMP1/COL1A2/EFEMP1",42
"R-HSA-397014","R-HSA-397014","Muscle contraction","20/323","86/5997",0.232558139534884,4.31780545755634,5.60856085608561,7.3936190586984,1.66265708873472e-08,7.54014989741196e-06,7.54014989741196e-06,"ACTG2/ACTA2/DMD/CASQ2/MYL9/FXYD6/ACTC1/LMOD1/CALD1/ITPR1/VIM/TRPC1/MYH11/ALDH2/DES/TPM1/SORBS1/TMOD1/TPM2/MYLK",20
"R-HSA-6805567","R-HSA-6805567","Keratinization","13/323","41/5997",0.317073170731707,5.88695914822925,8.45599078341014,7.49101557381999,1.13079448411388e-07,2.56407649272821e-05,2.56407649272821e-05,"KRT14/KRT20/EVPL/KRT18/KRT8/KRT7/PI3/PRSS8/KRT19/KRT15/KRT17/KRT16/SPRR1A",13
"R-HSA-6809371","R-HSA-6809371","Formation of the cornified envelope","13/323","41/5997",0.317073170731707,5.88695914822925,8.45599078341014,7.49101557381999,1.13079448411388e-07,2.56407649272821e-05,2.56407649272821e-05,"KRT14/KRT20/EVPL/KRT18/KRT8/KRT7/PI3/PRSS8/KRT19/KRT15/KRT17/KRT16/SPRR1A",13
"R-HSA-9734767","R-HSA-9734767","Developmental Cell Lineages","18/323","80/5997",0.225,4.17747678018576,5.34193548387097,6.82596413310726,1.5172703869575e-07,2.7523284819409e-05,2.7523284819409e-05,"KRT14/ACTA2/LAMC3/TFRC/KRT18/EPCAM/KRT8/KRT7/CNN1/KRT19/VIM/KRT15/MYH11/KRT17/ALDH1A1/AQP1/COL1A2/CA2",18
"R-HSA-202733","R-HSA-202733","Cell surface interactions at the vascular wall","19/323","91/5997",0.208791208791209,3.87653522947641,4.86284722222222,6.59676600850149,2.40851149516768e-07,3.64086654352848e-05,3.64086654352848e-05,"SLC7A5/JAM2/TSPAN7/SPN/SDC1/EPCAM/CAV1/GAS6/PROS1/GYPC/MIF/ITGA5/CXADR/CEACAM6/JCHAIN/JAM3/SLC16A3/MMP1/COL1A2",19
"R-HSA-1566948","R-HSA-1566948","Elastic fibre formation","10/323","26/5997",0.384615384615385,7.14098594903549,11.2979233226837,7.48666929388686,4.38975320888188e-07,5.68786594350838e-05,5.68786594350838e-05,"EMILIN1/ITGA8/TGFB3/MFAP5/LTBP4/FBLN5/MFAP4/ITGA5/FBLN2/EFEMP1",10
"R-HSA-109582","R-HSA-109582","Hemostasis","44/323","377/5997",0.116710875331565,2.16691987419008,2.52945418536816,5.58381423266208,5.90128751662617e-07,6.69058472197492e-05,6.69058472197492e-05,"SERPING1/SLC7A5/SERPINE2/PRKCZ/JAM2/GNG11/TSPAN7/RARRES2/SPN/VEGFA/TGFB3/SDC1/EPCAM/KIF20A/SELENOP/MGLL/P2RX1/CAV1/ITPR1/GAS6/FLNA/SERPINA3/PROS1/CLEC3B/ISLR/KIF11/CFD/YWHAZ/GYPC/MIF/ITGA5/PLAT/CXADR/CEACAM6/STXBP2/JCHAIN/KCNMB1/TUBB3/A2M/JAM3/KIF2C/SLC16A3/MMP1/COL1A2",44
"R-HSA-445355","R-HSA-445355","Smooth Muscle Contraction","11/323","35/5997",0.314285714285714,5.83520566121185,8.29994658119658,6.84447899452913,1.21496455624371e-06,0.000122441428057005,0.000122441428057005,"ACTG2/ACTA2/MYL9/LMOD1/CALD1/MYH11/ALDH2/TPM1/SORBS1/TPM2/MYLK",11
"R-HSA-2129379","R-HSA-2129379","Molecules associated with elastic fibres","9/323","23/5997",0.391304347826087,7.26517700901871,11.5878070973612,7.18211015759955,1.42655792848037e-06,0.00012938880411317,0.00012938880411317,"EMILIN1/ITGA8/TGFB3/MFAP5/LTBP4/FBLN5/MFAP4/FBLN2/EFEMP1",9
"R-HSA-9734779","R-HSA-9734779","Developmental Cell Lineages of the Integumentary System","12/323","45/5997",0.266666666666667,4.95108359133127,6.59573224203449,6.34714501825623,2.79544867888802e-06,0.000217458693238128,0.000217458693238128,"KRT14/ACTA2/TFRC/KRT18/EPCAM/KRT8/CNN1/KRT19/VIM/KRT15/MYH11/ALDH1A1",12
"R-HSA-9924644","R-HSA-9924644","Developmental Lineages of the Mammary Gland","10/323","31/5997",0.32258064516129,5.9892140217717,8.60033470257112,6.64444581528223,2.87707201638096e-06,0.000217458693238128,0.000217458693238128,"KRT14/ACTA2/KRT18/EPCAM/KRT8/CNN1/KRT19/VIM/MYH11/ALDH1A1",10
"R-HSA-390522","R-HSA-390522","Striated Muscle Contraction","7/323","17/5997",0.411764705882353,7.64505554543799,12.546835443038,6.54575719456059,1.50040069660086e-05,0.0010468180244746,0.0010468180244746,"DMD/ACTC1/VIM/DES/TPM1/TMOD1/TPM2",7
"R-HSA-1474228","R-HSA-1474228","Degradation of the extracellular matrix","15/323","80/5997",0.1875,3.4812306501548,4.20254745254745,5.33026441909449,1.82726986815153e-05,0.0011838098360096,0.0011838098360096,"MMP12/COL16A1/COL15A1/SPP1/COL6A3/COL6A2/DCN/COL14A1/TIMP2/MMP10/A2M/COL6A1/ADAMTS1/MMP1/COL1A2",15
"R-HSA-9927432","R-HSA-9927432","Developmental Lineage of Mammary Gland Myoepithelial Cells","7/323","18/5997",0.388888888888889,7.2203302373581,11.4042002301496,6.3055478450328,2.34260802869877e-05,0.00141649698801986,0.00141649698801986,"KRT14/ACTA2/EPCAM/CNN1/VIM/MYH11/ALDH1A1",7
"R-HSA-216083","R-HSA-216083","Integrin cell surface interactions","12/323","57/5997",0.210526315789474,3.90875020368258,4.82658092175777,5.26426859146373,3.8281879873791e-05,0.00217010406534553,0.00217010406534553,"JAM2/COL16A1/TNC/ITGA8/LUM/SPP1/COL6A3/COL6A2/ITGA5/JAM3/COL6A1/COL1A2",12
"R-HSA-1442490","R-HSA-1442490","Collagen degradation","10/323","41/5997",0.24390243902439,4.5284301140225,5.81572709471298,5.40858315643077,4.48637236504179e-05,0.00239361160887818,0.00239361160887818,"MMP12/COL16A1/COL15A1/COL6A3/COL6A2/COL14A1/MMP10/COL6A1/MMP1/COL1A2",10
"R-HSA-114608","R-HSA-114608","Platelet degranulation","14/323","80/5997",0.175,3.24914860681115,3.84975973325488,4.83169784775689,7.71842628152725e-05,0.00388922924296956,0.00388922924296956,"SERPING1/RARRES2/VEGFA/TGFB3/SELENOP/GAS6/FLNA/SERPINA3/PROS1/CLEC3B/ISLR/CFD/STXBP2/A2M",14
"R-HSA-1650814","R-HSA-1650814","Collagen biosynthesis and modifying enzymes","9/323","36/5997",0.25,4.64164086687306,5.99469214437367,5.22848914970619,8.81050199057332e-05,0.00401377238183876,0.00401377238183876,"COL16A1/COL15A1/P3H2/PCOLCE2/COL6A3/COL6A2/COL14A1/COL6A1/COL1A2",9
"R-HSA-176974","R-HSA-176974","Unwinding of DNA","5/323","10/5997",0.5,9.28328173374613,17.8270440251572,6.25439363955782,8.85065574826629e-05,0.00401377238183876,0.00401377238183876,"CDC45/MCM2/GINS2/MCM4/MCM7",5
"R-HSA-69205","R-HSA-69205","G1/S-Specific Transcription","7/323","22/5997",0.318181818181818,5.90754292147481,8.35717299578059,5.5016619264791,0.000104082723397618,0.00449538238674472,0.00449538238674472,"CDT1/TYMS/CDC45/TK1/CCNE1/PCNA/CDK1",7
"R-HSA-76005","R-HSA-76005","Response to elevated platelet cytosolic Ca2+","14/323","83/5997",0.168674698795181,3.13170950054086,3.68040898644529,4.66566781067756,0.000116858383587033,0.00481775245061088,0.00481775245061088,"SERPING1/RARRES2/VEGFA/TGFB3/SELENOP/GAS6/FLNA/SERPINA3/PROS1/CLEC3B/ISLR/CFD/STXBP2/A2M",14
"R-HSA-8948216","R-HSA-8948216","Collagen chain trimerization","7/323","23/5997",0.304347826086957,5.65069322923677,7.83346518987342,5.3313403649249,0.00014278198760326,0.00563057664157205,0.00563057664157205,"COL16A1/COL15A1/COL6A3/COL6A2/COL14A1/COL6A1/COL1A2",7
"R-HSA-3000178","R-HSA-3000178","ECM proteoglycans","10/323","47/5997",0.212765957446809,3.95033265265793,4.86745531473966,4.84449865268511,0.000155213415900265,0.00586577367589752,0.00586577367589752,"TNC/ITGA8/TGFB3/LUM/COL6A3/COL6A2/NCAM1/DCN/COL6A1/COL1A2",10
"R-HSA-3000171","R-HSA-3000171","Non-integrin membrane-ECM interactions","11/323","57/5997",0.192982456140351,3.58302102004237,4.31354515050167,4.6747625181717,0.000184722262799107,0.00670172369435161,0.00670172369435161,"SGCE/ACTG2/ACTA2/DMD/TNC/LAMC3/DDR2/SDC1/ACTC1/SSPN/COL1A2",11
"R-HSA-76002","R-HSA-76002","Platelet activation, signaling and aggregation","20/323","166/5997",0.120481927710843,2.23693535752919,2.49920882499209,3.85582162536447,0.000545231994799232,0.0183445633644602,0.0183445633644602,"SERPING1/PRKCZ/GNG11/RARRES2/VEGFA/TGFB3/SELENOP/MGLL/ITPR1/GAS6/FLNA/SERPINA3/PROS1/CLEC3B/ISLR/CFD/YWHAZ/STXBP2/A2M/COL1A2",20
"R-HSA-9925563","R-HSA-9925563","Developmental Lineage of Pancreatic Ductal Cells","7/323","28/5997",0.25,4.64164086687307,5.96308016877637,4.60800294370559,0.00054608953786155,0.0183445633644602,0.0183445633644602,"LAMC3/KRT7/KRT19/KRT17/AQP1/COL1A2/CA2",7
"R-HSA-75035","R-HSA-75035","Chk1/Chk2(Cds1) mediated inactivation of Cyclin B:Cdk1 complex","5/323","14/5997",0.357142857142857,6.63091552410438,9.89692522711391,5.03235112748568,0.000587620229899084,0.0190346981613739,0.0190346981613739,"SFN/YWHAZ/CCNA2/CDK1/CCNB1",5
"R-HSA-186797","R-HSA-186797","Signaling by PDGF","9/323","46/5997",0.195652173913043,3.63258850450935,4.36675847822345,4.27616376198406,0.00063995746472857,0.0200152213968556,0.0200152213968556,"PDGFD/THBS2/PDGFRA/SPP1/COL6A3/COL6A2/PLAT/PDGFC/COL6A1",9
"R-HSA-9913351","R-HSA-9913351","Formation of the dystrophin-glycoprotein complex (DGC)","7/323","29/5997",0.241379310344828,4.48158428525675,5.69102416570771,4.48382766953053,0.00068710130244549,0.020773362710602,0.020773362710602,"SGCE/ACTG2/ACTA2/DMD/LAMC3/ACTC1/SSPN",7
"R-HSA-166658","R-HSA-166658","Complement cascade","6/323","23/5997",0.260869565217391,4.84345133934581,6.2983856002969,4.40595546858757,0.00107729489317704,0.0315195634874703,0.0315195634874703,"SERPING1/C1S/CFH/C7/PROS1/CFD",6
"R-HSA-1474290","R-HSA-1474290","Collagen formation","9/323","50/5997",0.18,3.34198142414861,3.93793692713997,3.96740819908603,0.00120342382527505,0.0341095440476396,0.0341095440476396,"COL16A1/COL15A1/P3H2/PCOLCE2/COL6A3/COL6A2/COL14A1/COL6A1/COL1A2",9
"R-HSA-2514853","R-HSA-2514853","Condensation of Prometaphase Chromosomes","4/323","10/5997",0.4,7.4266253869969,11.8453500522466,4.85250245449229,0.00133888152828997,0.0367989559442121,0.0367989559442121,"CCNB2/CDK1/CCNB1/NCAPG",4
"R-HSA-6804114","R-HSA-6804114","TP53 Regulates Transcription of Genes Involved in G2 Cell Cycle Arrest","5/323","17/5997",0.294117647058824,5.46075396102714,7.41876310272537,4.3940960514023,0.00158853547481568,0.0423765198722888,0.0423765198722888,"SFN/AURKA/PCNA/CDK1/CCNB1",5
"R-HSA-211945","R-HSA-211945","Phase I - Functionalization of compounds","9/323","53/5997",0.169811320754717,3.15281266429114,3.6674869716271,3.75571113297745,0.00184633411644164,0.0478464298175019,0.0478464298175019,"CYP4F8/ALDH1B1/CYP1B1/ADH1A/CYP27A1/ALDH1A1/ALDH2/PTGS1/PTGIS",9
