"to","from","combined_score","from_name","to_name","ENTREZID_from","ENTREZID_to"
"9606.ENSP00000216911","9606.ENSP00000166345",771,"TRIP13","AURKA","9319","6790"
"9606.ENSP00000238682","9606.ENSP00000052754",961,"DCN","TGFB3","1634","7043"
"9606.ENSP00000247191","9606.ENSP00000216911",966,"AURKA","DLGAP5","6790","9787"
"9606.ENSP00000247191","9606.ENSP00000166345",789,"TRIP13","DLGAP5","9319","9787"
"9606.ENSP00000249750","9606.ENSP00000209668",832,"ADH1A","ALDH1A2","124","8854"
"9606.ENSP00000251496","9606.ENSP00000216911",952,"AURKA","NCAPG","6790","64151"
"9606.ENSP00000251496","9606.ENSP00000247191",948,"DLGAP5","NCAPG","9787","64151"
"9606.ENSP00000251496","9606.ENSP00000166345",711,"TRIP13","NCAPG","9319","64151"
"9606.ENSP00000252456","9606.ENSP00000224784",892,"ACTA2","CNN1","59","1264"
"9606.ENSP00000253462","9606.ENSP00000251496",852,"NCAPG","GINS2","64151","51659"
"9606.ENSP00000253462","9606.ENSP00000247191",720,"DLGAP5","GINS2","9787","51659"
"9606.ENSP00000254722","9606.ENSP00000220809",818,"PLAT","SERPINF1","5327","5176"
"9606.ENSP00000256442","9606.ENSP00000251496",962,"NCAPG","CCNB1","64151","891"
"9606.ENSP00000256442","9606.ENSP00000216911",979,"AURKA","CCNB1","6790","891"
"9606.ENSP00000256442","9606.ENSP00000247191",965,"DLGAP5","CCNB1","9787","891"
"9606.ENSP00000256442","9606.ENSP00000166345",797,"TRIP13","CCNB1","9319","891"
"9606.ENSP00000257290","9606.ENSP00000052754",826,"DCN","PDGFRA","1634","5156"
"9606.ENSP00000260731","9606.ENSP00000256442",966,"CCNB1","KIF11","891","3832"
"9606.ENSP00000260731","9606.ENSP00000247191",997,"DLGAP5","KIF11","9787","3832"
"9606.ENSP00000260731","9606.ENSP00000251496",975,"NCAPG","KIF11","64151","3832"
"9606.ENSP00000260731","9606.ENSP00000166345",789,"TRIP13","KIF11","9319","3832"
"9606.ENSP00000260731","9606.ENSP00000216911",972,"AURKA","KIF11","6790","3832"
"9606.ENSP00000261733","9606.ENSP00000209668",975,"ADH1A","ALDH2","124","217"
"9606.ENSP00000262105","9606.ENSP00000166345",741,"TRIP13","MCM4","9319","4173"
"9606.ENSP00000262105","9606.ENSP00000256442",869,"CCNB1","MCM4","891","4173"
"9606.ENSP00000262105","9606.ENSP00000260731",874,"KIF11","MCM4","3832","4173"
"9606.ENSP00000262105","9606.ENSP00000253462",999,"GINS2","MCM4","51659","4173"
"9606.ENSP00000262643","9606.ENSP00000256442",746,"CCNB1","CCNE1","891","898"
"9606.ENSP00000265056","9606.ENSP00000262105",999,"MCM4","MCM2","4173","4171"
"9606.ENSP00000265056","9606.ENSP00000260731",848,"KIF11","MCM2","3832","4171"
"9606.ENSP00000265056","9606.ENSP00000253462",998,"GINS2","MCM2","51659","4171"
"9606.ENSP00000265056","9606.ENSP00000221486",732,"RNASEH2A","MCM2","10535","4171"
"9606.ENSP00000266718","9606.ENSP00000052754",978,"DCN","LUM","1634","4060"
"9606.ENSP00000268603","9606.ENSP00000264012",801,"CDH3","CDH11","1001","1009"
"9606.ENSP00000278407","9606.ENSP00000245907",954,"C3","SERPING1","718","710"
"9606.ENSP00000279022","9606.ENSP00000252456",771,"CNN1","MYL9","1264","10398"
"9606.ENSP00000279022","9606.ENSP00000224784",970,"ACTA2","MYL9","59","10398"
"9606.ENSP00000281938","9606.ENSP00000004982",793,"HSPB6","HSPB8","126393","26353"
"9606.ENSP00000286201","9606.ENSP00000220772",769,"SFRP1","FZD7","6422","8324"
"9606.ENSP00000287820","9606.ENSP00000256104",993,"FABP4","PPARG","2167","5468"
"9606.ENSP00000287820","9606.ENSP00000239938",934,"EGR1","PPARG","1958","5468"
"9606.ENSP00000288207","9606.ENSP00000251496",970,"NCAPG","CCNB2","64151","9133"
"9606.ENSP00000288207","9606.ENSP00000265056",873,"MCM2","CCNB2","4171","9133"
"9606.ENSP00000288207","9606.ENSP00000247191",974,"DLGAP5","CCNB2","9787","9133"
"9606.ENSP00000288207","9606.ENSP00000256442",998,"CCNB1","CCNB2","891","9133"
"9606.ENSP00000288207","9606.ENSP00000260731",944,"KIF11","CCNB2","3832","9133"
"9606.ENSP00000288207","9606.ENSP00000166345",741,"TRIP13","CCNB2","9319","9133"
"9606.ENSP00000288207","9606.ENSP00000216911",988,"AURKA","CCNB2","6790","9133"
"9606.ENSP00000288207","9606.ENSP00000253462",844,"GINS2","CCNB2","51659","9133"
"9606.ENSP00000288207","9606.ENSP00000262105",866,"MCM4","CCNB2","4173","9133"
"9606.ENSP00000288207","9606.ENSP00000262643",757,"CCNE1","CCNB2","898","9133"
"9606.ENSP00000290378","9606.ENSP00000224784",960,"ACTA2","ACTC1","59","70"
"9606.ENSP00000290378","9606.ENSP00000252456",702,"CNN1","ACTC1","1264","70"
"9606.ENSP00000290378","9606.ENSP00000261448",708,"CASQ2","ACTC1","845","70"
"9606.ENSP00000293379","9606.ENSP00000265131",717,"TNC","ITGA5","3371","3678"
"9606.ENSP00000295550","9606.ENSP00000266718",853,"LUM","COL6A3","4060","1293"
"9606.ENSP00000295550","9606.ENSP00000293379",870,"ITGA5","COL6A3","3678","1293"
"9606.ENSP00000297268","9606.ENSP00000295550",968,"COL6A3","COL1A2","1293","1278"
"9606.ENSP00000297268","9606.ENSP00000052754",930,"DCN","COL1A2","1634","1278"
"9606.ENSP00000297268","9606.ENSP00000224784",814,"ACTA2","COL1A2","59","1278"
"9606.ENSP00000297268","9606.ENSP00000293379",869,"ITGA5","COL1A2","3678","1278"
"9606.ENSP00000297268","9606.ENSP00000266718",999,"LUM","COL1A2","4060","1278"
"9606.ENSP00000297785","9606.ENSP00000232219",750,"RBP1","ALDH1A1","5947","216"
"9606.ENSP00000297785","9606.ENSP00000249750",915,"ALDH1A2","ALDH1A1","8854","216"
"9606.ENSP00000297785","9606.ENSP00000263735",720,"EPCAM","ALDH1A1","4072","216"
"9606.ENSP00000297785","9606.ENSP00000209668",959,"ADH1A","ALDH1A1","124","216"
"9606.ENSP00000297848","9606.ENSP00000297268",788,"COL1A2","COL14A1","1278","7373"
"9606.ENSP00000297848","9606.ENSP00000266718",726,"LUM","COL14A1","4060","7373"
"9606.ENSP00000297848","9606.ENSP00000052754",937,"DCN","COL14A1","1634","7373"
"9606.ENSP00000298048","9606.ENSP00000247191",982,"DLGAP5","MELK","9787","9833"
"9606.ENSP00000298048","9606.ENSP00000288207",975,"CCNB2","MELK","9133","9833"
"9606.ENSP00000298048","9606.ENSP00000260731",941,"KIF11","MELK","3832","9833"
"9606.ENSP00000298048","9606.ENSP00000216911",913,"AURKA","MELK","6790","9833"
"9606.ENSP00000298048","9606.ENSP00000256442",972,"CCNB1","MELK","891","9833"
"9606.ENSP00000298048","9606.ENSP00000251496",936,"NCAPG","MELK","64151","9833"
"9606.ENSP00000298048","9606.ENSP00000166345",906,"TRIP13","MELK","9319","9833"
"9606.ENSP00000299300","9606.ENSP00000262643",866,"CCNE1","CCT2","898","10576"
"9606.ENSP00000299300","9606.ENSP00000281938",773,"HSPB8","CCT2","26353","10576"
"9606.ENSP00000300035","9606.ENSP00000251496",744,"NCAPG","PCLAF","64151","9768"
"9606.ENSP00000300035","9606.ENSP00000247191",881,"DLGAP5","PCLAF","9787","9768"
"9606.ENSP00000300035","9606.ENSP00000260731",857,"KIF11","PCLAF","3832","9768"
"9606.ENSP00000300035","9606.ENSP00000216911",735,"AURKA","PCLAF","6790","9768"
"9606.ENSP00000300035","9606.ENSP00000256442",796,"CCNB1","PCLAF","891","9768"
"9606.ENSP00000300035","9606.ENSP00000288207",882,"CCNB2","PCLAF","9133","9768"
"9606.ENSP00000300035","9606.ENSP00000298048",871,"MELK","PCLAF","9833","9768"
"9606.ENSP00000300403","9606.ENSP00000288207",953,"CCNB2","TPX2","9133","22974"
"9606.ENSP00000300403","9606.ENSP00000166345",879,"TRIP13","TPX2","9319","22974"
"9606.ENSP00000300403","9606.ENSP00000260731",965,"KIF11","TPX2","3832","22974"
"9606.ENSP00000300403","9606.ENSP00000262105",723,"MCM4","TPX2","4173","22974"
"9606.ENSP00000300403","9606.ENSP00000298048",958,"MELK","TPX2","9833","22974"
"9606.ENSP00000300403","9606.ENSP00000251496",949,"NCAPG","TPX2","64151","22974"
"9606.ENSP00000300403","9606.ENSP00000216911",999,"AURKA","TPX2","6790","22974"
"9606.ENSP00000300403","9606.ENSP00000300035",724,"PCLAF","TPX2","9768","22974"
"9606.ENSP00000300403","9606.ENSP00000256442",949,"CCNB1","TPX2","891","22974"
"9606.ENSP00000300403","9606.ENSP00000247191",978,"DLGAP5","TPX2","9787","22974"
"9606.ENSP00000300527","9606.ENSP00000295550",994,"COL6A3","COL6A2","1293","1292"
"9606.ENSP00000300527","9606.ENSP00000293379",892,"ITGA5","COL6A2","3678","1292"
"9606.ENSP00000300527","9606.ENSP00000297848",799,"COL14A1","COL6A2","7373","1292"
"9606.ENSP00000300527","9606.ENSP00000266718",702,"LUM","COL6A2","4060","1292"
"9606.ENSP00000300527","9606.ENSP00000297268",908,"COL1A2","COL6A2","1278","1292"
"9606.ENSP00000301244","9606.ENSP00000263735",880,"EPCAM","SPINT2","4072","10653"
"9606.ENSP00000301464","9606.ENSP00000233813",725,"IGFBP5","IGFBP6","3488","3489"
"9606.ENSP00000301653","9606.ENSP00000167586",868,"KRT14","KRT16","3861","3868"
"9606.ENSP00000303192","9606.ENSP00000246792",931,"RRAS","RGL1","6237","23179"
"9606.ENSP00000304592","9606.ENSP00000256104",743,"FABP4","FASN","2167","2194"
"9606.ENSP00000304592","9606.ENSP00000258415",748,"CYP27A1","FASN","1593","2194"
"9606.ENSP00000304592","9606.ENSP00000287820",860,"PPARG","FASN","5468","2194"
"9606.ENSP00000306253","9606.ENSP00000005178",825,"PDK4","ITPR1","5166","3708"
"9606.ENSP00000306512","9606.ENSP00000259206",926,"IL1RN","CXCL8","3557","3576"
"9606.ENSP00000306512","9606.ENSP00000245907",783,"C3","CXCL8","718","3576"
"9606.ENSP00000307288","9606.ENSP00000265056",999,"MCM2","MCM7","4171","4176"
"9606.ENSP00000307288","9606.ENSP00000221486",863,"RNASEH2A","MCM7","10535","4176"
"9606.ENSP00000307288","9606.ENSP00000262643",758,"CCNE1","MCM7","898","4176"
"9606.ENSP00000307288","9606.ENSP00000253462",999,"GINS2","MCM7","51659","4176"
"9606.ENSP00000307288","9606.ENSP00000166345",799,"TRIP13","MCM7","9319","4176"
"9606.ENSP00000307288","9606.ENSP00000260731",745,"KIF11","MCM7","3832","4176"
"9606.ENSP00000307288","9606.ENSP00000262105",999,"MCM4","MCM7","4173","4176"
"9606.ENSP00000307288","9606.ENSP00000288207",752,"CCNB2","MCM7","9133","4176"
"9606.ENSP00000307292","9606.ENSP00000305675",820,"CAVIN2","CAVIN3","8436","112464"
"9606.ENSP00000308452","9606.ENSP00000301653",880,"KRT16","KRT17","3868","3872"
"9606.ENSP00000308452","9606.ENSP00000167586",814,"KRT14","KRT17","3861","3872"
"9606.ENSP00000310842","9606.ENSP00000260731",856,"KIF11","FANCI","3832","55215"
"9606.ENSP00000310842","9606.ENSP00000307288",744,"MCM7","FANCI","4176","55215"
"9606.ENSP00000310842","9606.ENSP00000251496",842,"NCAPG","FANCI","64151","55215"
"9606.ENSP00000310842","9606.ENSP00000256442",746,"CCNB1","FANCI","891","55215"
"9606.ENSP00000310842","9606.ENSP00000300403",724,"TPX2","FANCI","22974","55215"
"9606.ENSP00000311083","9606.ENSP00000166345",718,"TRIP13","CKS1B","9319","1163"
"9606.ENSP00000311083","9606.ENSP00000262643",897,"CCNE1","CKS1B","898","1163"
"9606.ENSP00000311083","9606.ENSP00000256442",998,"CCNB1","CKS1B","891","1163"
"9606.ENSP00000311083","9606.ENSP00000288207",952,"CCNB2","CKS1B","9133","1163"
"9606.ENSP00000311905","9606.ENSP00000238682",721,"TGFB3","LTBP4","7043","8425"
"9606.ENSP00000312150","9606.ENSP00000239938",888,"EGR1","TRIB1","1958","10221"
"9606.ENSP00000313950","9606.ENSP00000298048",902,"MELK","AURKB","9833","9212"
"9606.ENSP00000313950","9606.ENSP00000300403",940,"TPX2","AURKB","22974","9212"
"9606.ENSP00000313950","9606.ENSP00000265056",702,"MCM2","AURKB","4171","9212"
"9606.ENSP00000313950","9606.ENSP00000260731",964,"KIF11","AURKB","3832","9212"
"9606.ENSP00000313950","9606.ENSP00000262105",722,"MCM4","AURKB","4173","9212"
"9606.ENSP00000313950","9606.ENSP00000247191",950,"DLGAP5","AURKB","9787","9212"
"9606.ENSP00000313950","9606.ENSP00000166345",788,"TRIP13","AURKB","9319","9212"
"9606.ENSP00000313950","9606.ENSP00000251496",913,"NCAPG","AURKB","64151","9212"
"9606.ENSP00000313950","9606.ENSP00000288207",990,"CCNB2","AURKB","9133","9212"
"9606.ENSP00000313950","9606.ENSP00000256442",962,"CCNB1","AURKB","891","9212"
"9606.ENSP00000313950","9606.ENSP00000307288",785,"MCM7","AURKB","4176","9212"
"9606.ENSP00000313950","9606.ENSP00000300035",785,"PCLAF","AURKB","9768","9212"
"9606.ENSP00000313950","9606.ENSP00000216911",922,"AURKA","AURKB","6790","9212"
"9606.ENSP00000315644","9606.ENSP00000288207",868,"CCNB2","TYMS","9133","7298"
"9606.ENSP00000315644","9606.ENSP00000313950",738,"AURKB","TYMS","9212","7298"
"9606.ENSP00000315644","9606.ENSP00000262105",938,"MCM4","TYMS","4173","7298"
"9606.ENSP00000315644","9606.ENSP00000260731",726,"KIF11","TYMS","3832","7298"
"9606.ENSP00000315644","9606.ENSP00000216911",729,"AURKA","TYMS","6790","7298"
"9606.ENSP00000315644","9606.ENSP00000307288",734,"MCM7","TYMS","4176","7298"
"9606.ENSP00000315644","9606.ENSP00000298048",737,"MELK","TYMS","9833","7298"
"9606.ENSP00000315644","9606.ENSP00000265056",813,"MCM2","TYMS","4171","7298"
"9606.ENSP00000315644","9606.ENSP00000256442",841,"CCNB1","TYMS","891","7298"
"9606.ENSP00000315644","9606.ENSP00000221486",851,"RNASEH2A","TYMS","10535","7298"
"9606.ENSP00000315644","9606.ENSP00000300035",859,"PCLAF","TYMS","9768","7298"
"9606.ENSP00000315644","9606.ENSP00000253462",743,"GINS2","TYMS","51659","7298"
"9606.ENSP00000316779","9606.ENSP00000275815",719,"EPHA1","BIN1","2041","274"
"9606.ENSP00000316881","9606.ENSP00000300527",726,"COL6A2","P3H2","1292","55214"
"9606.ENSP00000319730","9606.ENSP00000301244",807,"SPINT2","PRSS8","10653","5652"
"9606.ENSP00000320295","9606.ENSP00000299300",700,"CCT2","TUBB3","10576","10381"
"9606.ENSP00000320604","9606.ENSP00000244043",702,"PTGIS","FAXDC2","5740","10826"
"9606.ENSP00000322788","9606.ENSP00000306512",762,"CXCL8","MMP1","3576","4312"
"9606.ENSP00000322788","9606.ENSP00000279441",789,"MMP10","MMP1","4319","4312"
"9606.ENSP00000323929","9606.ENSP00000322788",796,"MMP1","A2M","4312","2"
"9606.ENSP00000323929","9606.ENSP00000278407",905,"SERPING1","A2M","710","2"
"9606.ENSP00000323929","9606.ENSP00000254722",880,"SERPINF1","A2M","5176","2"
"9606.ENSP00000324302","9606.ENSP00000263864",769,"VAMP8","STXBP6","8673","29091"
"9606.ENSP00000324806","9606.ENSP00000261254",938,"CCND2","GSK3B","894","2932"
"9606.ENSP00000324806","9606.ENSP00000216911",769,"AURKA","GSK3B","6790","2932"
"9606.ENSP00000324806","9606.ENSP00000262643",748,"CCNE1","GSK3B","898","2932"
"9606.ENSP00000326550","9606.ENSP00000300403",786,"TPX2","TACC3","22974","10460"
"9606.ENSP00000326550","9606.ENSP00000256442",703,"CCNB1","TACC3","891","10460"
"9606.ENSP00000326550","9606.ENSP00000247191",845,"DLGAP5","TACC3","9787","10460"
"9606.ENSP00000326550","9606.ENSP00000313950",740,"AURKB","TACC3","9212","10460"
"9606.ENSP00000326550","9606.ENSP00000298048",721,"MELK","TACC3","9833","10460"
"9606.ENSP00000326550","9606.ENSP00000260731",851,"KIF11","TACC3","3832","10460"
"9606.ENSP00000326550","9606.ENSP00000216911",998,"AURKA","TACC3","6790","10460"
"9606.ENSP00000327145","9606.ENSP00000293379",747,"ITGA5","FLNC","3678","2318"
"9606.ENSP00000327145","9606.ENSP00000281938",707,"HSPB8","FLNC","26353","2318"
"9606.ENSP00000328998","9606.ENSP00000324806",768,"GSK3B","TRAK1","2932","22906"
"9606.ENSP00000329243","9606.ENSP00000215754",760,"MIF","KRT7","4282","3855"
"9606.ENSP00000329243","9606.ENSP00000263735",735,"EPCAM","KRT7","4072","3855"
"9606.ENSP00000331831","9606.ENSP00000301178",999,"AXL","GAS6","558","2621"
"9606.ENSP00000331902","9606.ENSP00000295550",716,"COL6A3","COL4A5","1293","1287"
"9606.ENSP00000331902","9606.ENSP00000297268",789,"COL1A2","COL4A5","1278","1287"
"9606.ENSP00000331902","9606.ENSP00000293379",718,"ITGA5","COL4A5","3678","1287"
"9606.ENSP00000332296","9606.ENSP00000232219",710,"RBP1","RARB","5947","5915"
"9606.ENSP00000333667","9606.ENSP00000315644",997,"TYMS","SHMT2","7298","6472"
"9606.ENSP00000335357","9606.ENSP00000313950",724,"AURKB","CDKN3","9212","1033"
"9606.ENSP00000335357","9606.ENSP00000216911",870,"AURKA","CDKN3","6790","1033"
"9606.ENSP00000335357","9606.ENSP00000288207",893,"CCNB2","CDKN3","9133","1033"
"9606.ENSP00000335357","9606.ENSP00000251496",816,"NCAPG","CDKN3","64151","1033"
"9606.ENSP00000335357","9606.ENSP00000298048",842,"MELK","CDKN3","9833","1033"
"9606.ENSP00000335357","9606.ENSP00000300403",818,"TPX2","CDKN3","22974","1033"
"9606.ENSP00000335357","9606.ENSP00000256442",941,"CCNB1","CDKN3","891","1033"
"9606.ENSP00000335357","9606.ENSP00000260731",848,"KIF11","CDKN3","3832","1033"
"9606.ENSP00000335357","9606.ENSP00000247191",962,"DLGAP5","CDKN3","9787","1033"
"9606.ENSP00000336762","9606.ENSP00000306512",767,"CXCL8","ANG","3576","283"
"9606.ENSP00000336775","9606.ENSP00000327145",705,"FLNC","SYNM","2318","23336"
"9606.ENSP00000336868","9606.ENSP00000262105",743,"MCM4","CENPA","4173","1058"
"9606.ENSP00000336868","9606.ENSP00000313950",997,"AURKB","CENPA","9212","1058"
"9606.ENSP00000336868","9606.ENSP00000300035",770,"PCLAF","CENPA","9768","1058"
"9606.ENSP00000336868","9606.ENSP00000335357",824,"CDKN3","CENPA","1033","1058"
"9606.ENSP00000336868","9606.ENSP00000289316",983,"H2BC5","CENPA","3017","1058"
"9606.ENSP00000336868","9606.ENSP00000256442",953,"CCNB1","CENPA","891","1058"
"9606.ENSP00000336868","9606.ENSP00000251496",870,"NCAPG","CENPA","64151","1058"
"9606.ENSP00000336868","9606.ENSP00000216911",959,"AURKA","CENPA","6790","1058"
"9606.ENSP00000336868","9606.ENSP00000247191",945,"DLGAP5","CENPA","9787","1058"
"9606.ENSP00000336868","9606.ENSP00000300403",882,"TPX2","CENPA","22974","1058"
"9606.ENSP00000336868","9606.ENSP00000288207",975,"CCNB2","CENPA","9133","1058"
"9606.ENSP00000336868","9606.ENSP00000298048",882,"MELK","CENPA","9833","1058"
"9606.ENSP00000336868","9606.ENSP00000260731",942,"KIF11","CENPA","3832","1058"
"9606.ENSP00000337060","9606.ENSP00000215754",732,"MIF","NME1","4282","4830"
"9606.ENSP00000339001","9606.ENSP00000299300",973,"CCT2","TUBB","10576","203068"
"9606.ENSP00000339191","9606.ENSP00000305675",946,"CAVIN2","CAV1","8436","857"
"9606.ENSP00000339191","9606.ENSP00000324806",781,"GSK3B","CAV1","2932","857"
"9606.ENSP00000339191","9606.ENSP00000327145",880,"FLNC","CAV1","2318","857"
"9606.ENSP00000339191","9606.ENSP00000307292",922,"CAVIN3","CAV1","112464","857"
"9606.ENSP00000339191","9606.ENSP00000287820",765,"PPARG","CAV1","5468","857"
"9606.ENSP00000339566","9606.ENSP00000289316",890,"H2BC5","H1-2","3017","3006"
"9606.ENSP00000339824","9606.ENSP00000326550",940,"TACC3","FGFR3","10460","2261"
"9606.ENSP00000340989","9606.ENSP00000004982",916,"HSPB6","SFN","126393","2810"
"9606.ENSP00000340989","9606.ENSP00000288207",919,"CCNB2","SFN","9133","2810"
"9606.ENSP00000340989","9606.ENSP00000308452",967,"KRT17","SFN","3872","2810"
"9606.ENSP00000340989","9606.ENSP00000256442",965,"CCNB1","SFN","891","2810"
"9606.ENSP00000341044","9606.ENSP00000304592",993,"FASN","ACACB","2194","32"
"9606.ENSP00000341382","9606.ENSP00000256442",857,"CCNB1","SMC4","891","10051"
"9606.ENSP00000341382","9606.ENSP00000253462",735,"GINS2","SMC4","51659","10051"
"9606.ENSP00000341382","9606.ENSP00000288207",864,"CCNB2","SMC4","9133","10051"
"9606.ENSP00000341382","9606.ENSP00000262105",736,"MCM4","SMC4","4173","10051"
"9606.ENSP00000341382","9606.ENSP00000313950",867,"AURKB","SMC4","9212","10051"
"9606.ENSP00000341382","9606.ENSP00000260731",927,"KIF11","SMC4","3832","10051"
"9606.ENSP00000341382","9606.ENSP00000251496",999,"NCAPG","SMC4","64151","10051"
"9606.ENSP00000341382","9606.ENSP00000247191",728,"DLGAP5","SMC4","9787","10051"
"9606.ENSP00000341382","9606.ENSP00000307288",837,"MCM7","SMC4","4176","10051"
"9606.ENSP00000342098","9606.ENSP00000319730",899,"PRSS8","SPINT1","5652","6692"
"9606.ENSP00000342307","9606.ENSP00000251496",860,"NCAPG","FOXM1","64151","2305"
"9606.ENSP00000342307","9606.ENSP00000260731",934,"KIF11","FOXM1","3832","2305"
"9606.ENSP00000342307","9606.ENSP00000216911",793,"AURKA","FOXM1","6790","2305"
"9606.ENSP00000342307","9606.ENSP00000313950",889,"AURKB","FOXM1","9212","2305"
"9606.ENSP00000342307","9606.ENSP00000247191",872,"DLGAP5","FOXM1","9787","2305"
"9606.ENSP00000342307","9606.ENSP00000336868",794,"CENPA","FOXM1","1058","2305"
"9606.ENSP00000342307","9606.ENSP00000262643",776,"CCNE1","FOXM1","898","2305"
"9606.ENSP00000342307","9606.ENSP00000298048",973,"MELK","FOXM1","9833","2305"
"9606.ENSP00000342307","9606.ENSP00000288207",895,"CCNB2","FOXM1","9133","2305"
"9606.ENSP00000342307","9606.ENSP00000256442",988,"CCNB1","FOXM1","891","2305"
"9606.ENSP00000342307","9606.ENSP00000300403",932,"TPX2","FOXM1","22974","2305"
"9606.ENSP00000342307","9606.ENSP00000166345",800,"TRIP13","FOXM1","9319","2305"
"9606.ENSP00000342858","9606.ENSP00000327145",747,"FLNC","FERMT2","2318","10979"
"9606.ENSP00000343619","9606.ENSP00000272369",998,"MEIS1","HOXA9","4211","3205"
"9606.ENSP00000343690","9606.ENSP00000299106",747,"JAM3","DPYSL3","83700","1809"
"9606.ENSP00000345008","9606.ENSP00000297268",705,"COL1A2","FBLN5","1278","10516"
"9606.ENSP00000345179","9606.ENSP00000291568",781,"CSTB","APOD","1476","347"
"9606.ENSP00000347852","9606.ENSP00000284767",706,"PDLIM3","SORBS2","27295","8470"
"9606.ENSP00000348602","9606.ENSP00000316779",984,"BIN1","AMPH","274","273"
"9606.ENSP00000348838","9606.ENSP00000300403",965,"TPX2","UBE2C","22974","11065"
"9606.ENSP00000348838","9606.ENSP00000288207",968,"CCNB2","UBE2C","9133","11065"
"9606.ENSP00000348838","9606.ENSP00000311083",727,"CKS1B","UBE2C","1163","11065"
"9606.ENSP00000348838","9606.ENSP00000247191",968,"DLGAP5","UBE2C","9787","11065"
"9606.ENSP00000348838","9606.ENSP00000251496",860,"NCAPG","UBE2C","64151","11065"
"9606.ENSP00000348838","9606.ENSP00000216133",728,"CBX7","UBE2C","23492","11065"
"9606.ENSP00000348838","9606.ENSP00000313950",955,"AURKB","UBE2C","9212","11065"
"9606.ENSP00000348838","9606.ENSP00000300035",938,"PCLAF","UBE2C","9768","11065"
"9606.ENSP00000348838","9606.ENSP00000216911",986,"AURKA","UBE2C","6790","11065"
"9606.ENSP00000348838","9606.ENSP00000315644",858,"TYMS","UBE2C","7298","11065"
"9606.ENSP00000348838","9606.ENSP00000256442",990,"CCNB1","UBE2C","891","11065"
"9606.ENSP00000348838","9606.ENSP00000335357",847,"CDKN3","UBE2C","1033","11065"
"9606.ENSP00000348838","9606.ENSP00000166345",828,"TRIP13","UBE2C","9319","11065"
"9606.ENSP00000348838","9606.ENSP00000336868",938,"CENPA","UBE2C","1058","11065"
"9606.ENSP00000348838","9606.ENSP00000342307",894,"FOXM1","UBE2C","2305","11065"
"9606.ENSP00000348838","9606.ENSP00000260731",916,"KIF11","UBE2C","3832","11065"
"9606.ENSP00000348838","9606.ENSP00000298048",948,"MELK","UBE2C","9833","11065"
"9606.ENSP00000349541","9606.ENSP00000307292",894,"CAVIN3","CAVIN1","112464","284119"
"9606.ENSP00000349541","9606.ENSP00000305675",728,"CAVIN2","CAVIN1","8436","284119"
"9606.ENSP00000349541","9606.ENSP00000339191",999,"CAV1","CAVIN1","857","284119"
"9606.ENSP00000350815","9606.ENSP00000345751",799,"SCNN1B","NR3C2","6338","4306"
"9606.ENSP00000351022","9606.ENSP00000224784",838,"ACTA2","TPM1","59","7168"
"9606.ENSP00000351022","9606.ENSP00000252456",792,"CNN1","TPM1","1264","7168"
"9606.ENSP00000351022","9606.ENSP00000290378",999,"ACTC1","TPM1","70","7168"
"9606.ENSP00000351022","9606.ENSP00000279022",840,"MYL9","TPM1","10398","7168"
"9606.ENSP00000351022","9606.ENSP00000259365",818,"TMOD1","TPM1","7111","7168"
"9606.ENSP00000352455","9606.ENSP00000345008",796,"FBLN5","MFAP5","10516","8076"
"9606.ENSP00000353452","9606.ENSP00000351022",857,"TPM1","MYLK","7168","4638"
"9606.ENSP00000353452","9606.ENSP00000224784",890,"ACTA2","MYLK","59","4638"
"9606.ENSP00000353452","9606.ENSP00000279022",989,"MYL9","MYLK","10398","4638"
"9606.ENSP00000353452","9606.ENSP00000252456",703,"CNN1","MYLK","1264","4638"
"9606.ENSP00000353475","9606.ENSP00000263735",993,"EPCAM","CLDN7","4072","1366"
"9606.ENSP00000353770","9606.ENSP00000313950",840,"AURKB","RRM2","9212","6241"
"9606.ENSP00000353770","9606.ENSP00000251496",892,"NCAPG","RRM2","64151","6241"
"9606.ENSP00000353770","9606.ENSP00000288207",913,"CCNB2","RRM2","9133","6241"
"9606.ENSP00000353770","9606.ENSP00000260731",947,"KIF11","RRM2","3832","6241"
"9606.ENSP00000353770","9606.ENSP00000315644",939,"TYMS","RRM2","7298","6241"
"9606.ENSP00000353770","9606.ENSP00000336868",818,"CENPA","RRM2","1058","6241"
"9606.ENSP00000353770","9606.ENSP00000298048",933,"MELK","RRM2","9833","6241"
"9606.ENSP00000353770","9606.ENSP00000300403",943,"TPX2","RRM2","22974","6241"
"9606.ENSP00000353770","9606.ENSP00000262105",899,"MCM4","RRM2","4173","6241"
"9606.ENSP00000353770","9606.ENSP00000247191",950,"DLGAP5","RRM2","9787","6241"
"9606.ENSP00000353770","9606.ENSP00000265056",849,"MCM2","RRM2","4171","6241"
"9606.ENSP00000353770","9606.ENSP00000337060",796,"NME1","RRM2","4830","6241"
"9606.ENSP00000353770","9606.ENSP00000342307",835,"FOXM1","RRM2","2305","6241"
"9606.ENSP00000353770","9606.ENSP00000307288",878,"MCM7","RRM2","4176","6241"
"9606.ENSP00000353770","9606.ENSP00000256442",905,"CCNB1","RRM2","891","6241"
"9606.ENSP00000353770","9606.ENSP00000216911",892,"AURKA","RRM2","6790","6241"
"9606.ENSP00000353770","9606.ENSP00000300035",907,"PCLAF","RRM2","9768","6241"
"9606.ENSP00000353770","9606.ENSP00000348838",931,"UBE2C","RRM2","11065","6241"
"9606.ENSP00000353770","9606.ENSP00000335357",713,"CDKN3","RRM2","1033","6241"
"9606.ENSP00000354360","9606.ENSP00000293379",828,"ITGA5","LAMC3","3678","10319"
"9606.ENSP00000354612","9606.ENSP00000244043",973,"PTGIS","PTGS1","5740","5742"
"9606.ENSP00000354826","9606.ENSP00000351022",869,"TPM1","CALD1","7168","800"
"9606.ENSP00000354826","9606.ENSP00000353452",832,"MYLK","CALD1","4638","800"
"9606.ENSP00000354826","9606.ENSP00000279022",844,"MYL9","CALD1","10398","800"
"9606.ENSP00000354826","9606.ENSP00000252456",867,"CNN1","CALD1","1264","800"
"9606.ENSP00000354826","9606.ENSP00000224784",748,"ACTA2","CALD1","59","800"
"9606.ENSP00000354923","9606.ENSP00000242729",998,"SSPN","DMD","8082","1756"
"9606.ENSP00000354923","9606.ENSP00000351022",781,"TPM1","DMD","7168","1756"
"9606.ENSP00000354923","9606.ENSP00000327145",856,"FLNC","DMD","2318","1756"
"9606.ENSP00000355124","9606.ENSP00000329243",701,"KRT7","KRT19","3855","3880"
"9606.ENSP00000355124","9606.ENSP00000263735",888,"EPCAM","KRT19","4072","3880"
"9606.ENSP00000355180","9606.ENSP00000293379",922,"ITGA5","COL6A1","3678","1291"
"9606.ENSP00000355180","9606.ENSP00000052754",824,"DCN","COL6A1","1634","1291"
"9606.ENSP00000355180","9606.ENSP00000297268",875,"COL1A2","COL6A1","1278","1291"
"9606.ENSP00000355180","9606.ENSP00000297848",768,"COL14A1","COL6A1","7373","1291"
"9606.ENSP00000355180","9606.ENSP00000295550",994,"COL6A3","COL6A1","1293","1291"
"9606.ENSP00000355180","9606.ENSP00000300527",998,"COL6A2","COL6A1","1292","1291"
"9606.ENSP00000355751","9606.ENSP00000355180",756,"COL6A1","THBS2","1291","7058"
"9606.ENSP00000355751","9606.ENSP00000300527",754,"COL6A2","THBS2","1292","7058"
"9606.ENSP00000355751","9606.ENSP00000293379",781,"ITGA5","THBS2","3678","7058"
"9606.ENSP00000355751","9606.ENSP00000266718",826,"LUM","THBS2","4060","7058"
"9606.ENSP00000355751","9606.ENSP00000052754",720,"DCN","THBS2","1634","7058"
"9606.ENSP00000355751","9606.ENSP00000297268",858,"COL1A2","THBS2","1278","7058"
"9606.ENSP00000355751","9606.ENSP00000295550",799,"COL6A3","THBS2","1293","7058"
"9606.ENSP00000355922","9606.ENSP00000335357",725,"CDKN3","CENPF","1033","1063"
"9606.ENSP00000355922","9606.ENSP00000256442",988,"CCNB1","CENPF","891","1063"
"9606.ENSP00000355922","9606.ENSP00000288207",974,"CCNB2","CENPF","9133","1063"
"9606.ENSP00000355922","9606.ENSP00000247191",976,"DLGAP5","CENPF","9787","1063"
"9606.ENSP00000355922","9606.ENSP00000251496",924,"NCAPG","CENPF","64151","1063"
"9606.ENSP00000355922","9606.ENSP00000353770",822,"RRM2","CENPF","6241","1063"
"9606.ENSP00000355922","9606.ENSP00000300403",954,"TPX2","CENPF","22974","1063"
"9606.ENSP00000355922","9606.ENSP00000300035",898,"PCLAF","CENPF","9768","1063"
"9606.ENSP00000355922","9606.ENSP00000336868",965,"CENPA","CENPF","1058","1063"
"9606.ENSP00000355922","9606.ENSP00000313950",925,"AURKB","CENPF","9212","1063"
"9606.ENSP00000355922","9606.ENSP00000260731",972,"KIF11","CENPF","3832","1063"
"9606.ENSP00000355922","9606.ENSP00000166345",746,"TRIP13","CENPF","9319","1063"
"9606.ENSP00000355922","9606.ENSP00000341382",800,"SMC4","CENPF","10051","1063"
"9606.ENSP00000355922","9606.ENSP00000216911",902,"AURKA","CENPF","6790","1063"
"9606.ENSP00000355922","9606.ENSP00000326550",705,"TACC3","CENPF","10460","1063"
"9606.ENSP00000355922","9606.ENSP00000298048",919,"MELK","CENPF","9833","1063"
"9606.ENSP00000355922","9606.ENSP00000342307",989,"FOXM1","CENPF","2305","1063"
"9606.ENSP00000355922","9606.ENSP00000348838",940,"UBE2C","CENPF","11065","1063"
"9606.ENSP00000355958","9606.ENSP00000353770",880,"RRM2","DTL","6241","51514"
"9606.ENSP00000355958","9606.ENSP00000355922",893,"CENPF","DTL","1063","51514"
"9606.ENSP00000355958","9606.ENSP00000260731",850,"KIF11","DTL","3832","51514"
"9606.ENSP00000355958","9606.ENSP00000247191",756,"DLGAP5","DTL","9787","51514"
"9606.ENSP00000355958","9606.ENSP00000262105",707,"MCM4","DTL","4173","51514"
"9606.ENSP00000355958","9606.ENSP00000300035",794,"PCLAF","DTL","9768","51514"
"9606.ENSP00000355958","9606.ENSP00000315644",713,"TYMS","DTL","7298","51514"
"9606.ENSP00000355958","9606.ENSP00000251496",830,"NCAPG","DTL","64151","51514"
"9606.ENSP00000355958","9606.ENSP00000298048",842,"MELK","DTL","9833","51514"
"9606.ENSP00000355958","9606.ENSP00000265056",772,"MCM2","DTL","4171","51514"
"9606.ENSP00000356257","9606.ENSP00000353452",822,"MYLK","LMOD1","4638","25802"
"9606.ENSP00000356257","9606.ENSP00000279022",844,"MYL9","LMOD1","10398","25802"
"9606.ENSP00000356257","9606.ENSP00000351022",797,"TPM1","LMOD1","7168","25802"
"9606.ENSP00000356257","9606.ENSP00000224784",773,"ACTA2","LMOD1","59","25802"
"9606.ENSP00000356257","9606.ENSP00000252456",812,"CNN1","LMOD1","1264","25802"
"9606.ENSP00000356257","9606.ENSP00000354826",894,"CALD1","LMOD1","800","25802"
"9606.ENSP00000356379","9606.ENSP00000260731",989,"KIF11","ASPM","3832","259266"
"9606.ENSP00000356379","9606.ENSP00000300403",949,"TPX2","ASPM","22974","259266"
"9606.ENSP00000356379","9606.ENSP00000336868",865,"CENPA","ASPM","1058","259266"
"9606.ENSP00000356379","9606.ENSP00000298048",946,"MELK","ASPM","9833","259266"
"9606.ENSP00000356379","9606.ENSP00000300035",909,"PCLAF","ASPM","9768","259266"
"9606.ENSP00000356379","9606.ENSP00000247191",994,"DLGAP5","ASPM","9787","259266"
"9606.ENSP00000356379","9606.ENSP00000166345",729,"TRIP13","ASPM","9319","259266"
"9606.ENSP00000356379","9606.ENSP00000313950",890,"AURKB","ASPM","9212","259266"
"9606.ENSP00000356379","9606.ENSP00000355922",987,"CENPF","ASPM","1063","259266"
"9606.ENSP00000356379","9606.ENSP00000355958",848,"DTL","ASPM","51514","259266"
"9606.ENSP00000356379","9606.ENSP00000256442",952,"CCNB1","ASPM","891","259266"
"9606.ENSP00000356379","9606.ENSP00000341382",809,"SMC4","ASPM","10051","259266"
"9606.ENSP00000356379","9606.ENSP00000216911",930,"AURKA","ASPM","6790","259266"
"9606.ENSP00000356379","9606.ENSP00000335357",854,"CDKN3","ASPM","1033","259266"
"9606.ENSP00000356379","9606.ENSP00000353770",854,"RRM2","ASPM","6241","259266"
"9606.ENSP00000356379","9606.ENSP00000315644",760,"TYMS","ASPM","7298","259266"
"9606.ENSP00000356379","9606.ENSP00000288207",951,"CCNB2","ASPM","9133","259266"
"9606.ENSP00000356379","9606.ENSP00000251496",972,"NCAPG","ASPM","64151","259266"
"9606.ENSP00000356379","9606.ENSP00000348838",943,"UBE2C","ASPM","11065","259266"
"9606.ENSP00000356379","9606.ENSP00000342307",848,"FOXM1","ASPM","2305","259266"
"9606.ENSP00000356399","9606.ENSP00000245907",999,"C3","CFH","718","3075"
"9606.ENSP00000356399","9606.ENSP00000278407",722,"SERPING1","CFH","710","3075"
"9606.ENSP00000356791","9606.ENSP00000266718",803,"LUM","DPT","4060","1805"
"9606.ENSP00000356791","9606.ENSP00000052754",850,"DCN","DPT","1634","1805"
"9606.ENSP00000356853","9606.ENSP00000315644",781,"TYMS","UCK2","7298","7371"
"9606.ENSP00000357097","9606.ENSP00000296046",921,"CPA3","FCER1A","1359","2205"
"9606.ENSP00000357103","9606.ENSP00000306512",999,"CXCL8","ACKR1","3576","2532"
"9606.ENSP00000357103","9606.ENSP00000259254",877,"GYPC","ACKR1","2995","2532"
"9606.ENSP00000357206","9606.ENSP00000257290",750,"PDGFRA","NES","5156","10763"
"9606.ENSP00000357206","9606.ENSP00000320295",771,"TUBB3","NES","10381","10763"
"9606.ENSP00000357206","9606.ENSP00000336775",949,"SYNM","NES","23336","10763"
"9606.ENSP00000357721","9606.ENSP00000306512",763,"CXCL8","S100A8","3576","6279"
"9606.ENSP00000357727","9606.ENSP00000357721",999,"S100A8","S100A9","6279","6280"
"9606.ENSP00000358414","9606.ENSP00000304592",716,"FASN","HMGCS2","2194","3158"
"9606.ENSP00000358813","9606.ENSP00000216911",779,"AURKA","TTK","6790","7272"
"9606.ENSP00000358813","9606.ENSP00000260731",984,"KIF11","TTK","3832","7272"
"9606.ENSP00000358813","9606.ENSP00000300035",810,"PCLAF","TTK","9768","7272"
"9606.ENSP00000358813","9606.ENSP00000313950",784,"AURKB","TTK","9212","7272"
"9606.ENSP00000358813","9606.ENSP00000262105",709,"MCM4","TTK","4173","7272"
"9606.ENSP00000358813","9606.ENSP00000355958",787,"DTL","TTK","51514","7272"
"9606.ENSP00000358813","9606.ENSP00000247191",977,"DLGAP5","TTK","9787","7272"
"9606.ENSP00000358813","9606.ENSP00000356379",957,"ASPM","TTK","259266","7272"
"9606.ENSP00000358813","9606.ENSP00000335357",849,"CDKN3","TTK","1033","7272"
"9606.ENSP00000358813","9606.ENSP00000355922",967,"CENPF","TTK","1063","7272"
"9606.ENSP00000358813","9606.ENSP00000256442",936,"CCNB1","TTK","891","7272"
"9606.ENSP00000358813","9606.ENSP00000300403",935,"TPX2","TTK","22974","7272"
"9606.ENSP00000358813","9606.ENSP00000336868",905,"CENPA","TTK","1058","7272"
"9606.ENSP00000358813","9606.ENSP00000326550",736,"TACC3","TTK","10460","7272"
"9606.ENSP00000358813","9606.ENSP00000298048",931,"MELK","TTK","9833","7272"
"9606.ENSP00000358813","9606.ENSP00000288207",960,"CCNB2","TTK","9133","7272"
"9606.ENSP00000358813","9606.ENSP00000353770",820,"RRM2","TTK","6241","7272"
"9606.ENSP00000358813","9606.ENSP00000166345",759,"TRIP13","TTK","9319","7272"
"9606.ENSP00000358813","9606.ENSP00000342307",766,"FOXM1","TTK","2305","7272"
"9606.ENSP00000358813","9606.ENSP00000348838",911,"UBE2C","TTK","11065","7272"
"9606.ENSP00000358813","9606.ENSP00000251496",973,"NCAPG","TTK","64151","7272"
"9606.ENSP00000358865","9606.ENSP00000357206",738,"NES","INA","10763","9118"
"9606.ENSP00000358866","9606.ENSP00000354923",771,"DMD","FLNA","1756","2316"
"9606.ENSP00000358866","9606.ENSP00000342858",852,"FERMT2","FLNA","10979","2316"
"9606.ENSP00000358866","9606.ENSP00000339191",908,"CAV1","FLNA","857","2316"
"9606.ENSP00000358866","9606.ENSP00000327145",907,"FLNC","FLNA","2318","2316"
"9606.ENSP00000358866","9606.ENSP00000293379",789,"ITGA5","FLNA","3678","2316"
"9606.ENSP00000360540","9606.ENSP00000166345",815,"TRIP13","CEP55","9319","55165"
"9606.ENSP00000360540","9606.ENSP00000342307",860,"FOXM1","CEP55","2305","55165"
"9606.ENSP00000360540","9606.ENSP00000355958",817,"DTL","CEP55","51514","55165"
"9606.ENSP00000360540","9606.ENSP00000247191",999,"DLGAP5","CEP55","9787","55165"
"9606.ENSP00000360540","9606.ENSP00000260731",997,"KIF11","CEP55","3832","55165"
"9606.ENSP00000360540","9606.ENSP00000358813",945,"TTK","CEP55","7272","55165"
"9606.ENSP00000360540","9606.ENSP00000216911",936,"AURKA","CEP55","6790","55165"
"9606.ENSP00000360540","9606.ENSP00000315644",767,"TYMS","CEP55","7298","55165"
"9606.ENSP00000360540","9606.ENSP00000353770",945,"RRM2","CEP55","6241","55165"
"9606.ENSP00000360540","9606.ENSP00000288207",907,"CCNB2","CEP55","9133","55165"
"9606.ENSP00000360540","9606.ENSP00000313950",864,"AURKB","CEP55","9212","55165"
"9606.ENSP00000360540","9606.ENSP00000256442",940,"CCNB1","CEP55","891","55165"
"9606.ENSP00000360540","9606.ENSP00000355922",959,"CENPF","CEP55","1063","55165"
"9606.ENSP00000360540","9606.ENSP00000348838",938,"UBE2C","CEP55","11065","55165"
"9606.ENSP00000360540","9606.ENSP00000300403",944,"TPX2","CEP55","22974","55165"
"9606.ENSP00000360540","9606.ENSP00000335357",822,"CDKN3","CEP55","1033","55165"
"9606.ENSP00000360540","9606.ENSP00000336868",920,"CENPA","CEP55","1058","55165"
"9606.ENSP00000360540","9606.ENSP00000298048",956,"MELK","CEP55","9833","55165"
"9606.ENSP00000360540","9606.ENSP00000326550",853,"TACC3","CEP55","10460","55165"
"9606.ENSP00000360540","9606.ENSP00000356379",950,"ASPM","CEP55","259266","55165"
"9606.ENSP00000360540","9606.ENSP00000251496",899,"NCAPG","CEP55","64151","55165"
"9606.ENSP00000360540","9606.ENSP00000300035",861,"PCLAF","CEP55","9768","55165"
"9606.ENSP00000360687","9606.ENSP00000244043",956,"PTGIS","PTGDS","5740","5730"
"9606.ENSP00000360687","9606.ENSP00000354612",949,"PTGS1","PTGDS","5742","5730"
"9606.ENSP00000361298","9606.ENSP00000300403",999,"TPX2","KIF2C","22974","11004"
"9606.ENSP00000361298","9606.ENSP00000326550",825,"TACC3","KIF2C","10460","11004"
"9606.ENSP00000361298","9606.ENSP00000342307",888,"FOXM1","KIF2C","2305","11004"
"9606.ENSP00000361298","9606.ENSP00000358813",955,"TTK","KIF2C","7272","11004"
"9606.ENSP00000361298","9606.ENSP00000335357",791,"CDKN3","KIF2C","1033","11004"
"9606.ENSP00000361298","9606.ENSP00000216911",975,"AURKA","KIF2C","6790","11004"
"9606.ENSP00000361298","9606.ENSP00000288207",971,"CCNB2","KIF2C","9133","11004"
"9606.ENSP00000361298","9606.ENSP00000260731",968,"KIF11","KIF2C","3832","11004"
"9606.ENSP00000361298","9606.ENSP00000251496",933,"NCAPG","KIF2C","64151","11004"
"9606.ENSP00000361298","9606.ENSP00000356379",936,"ASPM","KIF2C","259266","11004"
"9606.ENSP00000361298","9606.ENSP00000353770",758,"RRM2","KIF2C","6241","11004"
"9606.ENSP00000361298","9606.ENSP00000300035",766,"PCLAF","KIF2C","9768","11004"
"9606.ENSP00000361298","9606.ENSP00000298048",935,"MELK","KIF2C","9833","11004"
"9606.ENSP00000361298","9606.ENSP00000360540",948,"CEP55","KIF2C","55165","11004"
"9606.ENSP00000361298","9606.ENSP00000166345",811,"TRIP13","KIF2C","9319","11004"
"9606.ENSP00000361298","9606.ENSP00000336868",986,"CENPA","KIF2C","1058","11004"
"9606.ENSP00000361298","9606.ENSP00000313950",996,"AURKB","KIF2C","9212","11004"
"9606.ENSP00000361298","9606.ENSP00000247191",975,"DLGAP5","KIF2C","9787","11004"
"9606.ENSP00000361298","9606.ENSP00000256442",966,"CCNB1","KIF2C","891","11004"
"9606.ENSP00000361298","9606.ENSP00000348838",954,"UBE2C","KIF2C","11065","11004"
"9606.ENSP00000361298","9606.ENSP00000355922",985,"CENPF","KIF2C","1063","11004"
"9606.ENSP00000361540","9606.ENSP00000311083",971,"CKS1B","CDC20","1163","991"
"9606.ENSP00000361540","9606.ENSP00000348838",999,"UBE2C","CDC20","11065","991"
"9606.ENSP00000361540","9606.ENSP00000256442",999,"CCNB1","CDC20","891","991"
"9606.ENSP00000361540","9606.ENSP00000356379",972,"ASPM","CDC20","259266","991"
"9606.ENSP00000361540","9606.ENSP00000298048",964,"MELK","CDC20","9833","991"
"9606.ENSP00000361540","9606.ENSP00000265056",733,"MCM2","CDC20","4171","991"
"9606.ENSP00000361540","9606.ENSP00000336868",986,"CENPA","CDC20","1058","991"
"9606.ENSP00000361540","9606.ENSP00000307288",821,"MCM7","CDC20","4176","991"
"9606.ENSP00000361540","9606.ENSP00000342307",937,"FOXM1","CDC20","2305","991"
"9606.ENSP00000361540","9606.ENSP00000216911",995,"AURKA","CDC20","6790","991"
"9606.ENSP00000361540","9606.ENSP00000313950",998,"AURKB","CDC20","9212","991"
"9606.ENSP00000361540","9606.ENSP00000360540",950,"CEP55","CDC20","55165","991"
"9606.ENSP00000361540","9606.ENSP00000361298",995,"KIF2C","CDC20","11004","991"
"9606.ENSP00000361540","9606.ENSP00000262105",882,"MCM4","CDC20","4173","991"
"9606.ENSP00000361540","9606.ENSP00000326550",842,"TACC3","CDC20","10460","991"
"9606.ENSP00000361540","9606.ENSP00000355922",990,"CENPF","CDC20","1063","991"
"9606.ENSP00000361540","9606.ENSP00000353770",907,"RRM2","CDC20","6241","991"
"9606.ENSP00000361540","9606.ENSP00000288207",999,"CCNB2","CDC20","9133","991"
"9606.ENSP00000361540","9606.ENSP00000251496",949,"NCAPG","CDC20","64151","991"
"9606.ENSP00000361540","9606.ENSP00000299300",996,"CCT2","CDC20","10576","991"
"9606.ENSP00000361540","9606.ENSP00000300035",881,"PCLAF","CDC20","9768","991"
"9606.ENSP00000361540","9606.ENSP00000300403",961,"TPX2","CDC20","22974","991"
"9606.ENSP00000361540","9606.ENSP00000260731",987,"KIF11","CDC20","3832","991"
"9606.ENSP00000361540","9606.ENSP00000247191",981,"DLGAP5","CDC20","9787","991"
"9606.ENSP00000361540","9606.ENSP00000166345",996,"TRIP13","CDC20","9319","991"
"9606.ENSP00000361540","9606.ENSP00000335357",885,"CDKN3","CDC20","1033","991"
"9606.ENSP00000361540","9606.ENSP00000315644",757,"TYMS","CDC20","7298","991"
"9606.ENSP00000361540","9606.ENSP00000358813",990,"TTK","CDC20","7272","991"
"9606.ENSP00000361540","9606.ENSP00000262643",760,"CCNE1","CDC20","898","991"
"9606.ENSP00000362776","9606.ENSP00000331902",717,"COL4A5","COL16A1","1287","1307"
"9606.ENSP00000362776","9606.ENSP00000295550",750,"COL6A3","COL16A1","1293","1307"
"9606.ENSP00000362776","9606.ENSP00000266718",739,"LUM","COL16A1","4060","1307"
"9606.ENSP00000362776","9606.ENSP00000297848",874,"COL14A1","COL16A1","7373","1307"
"9606.ENSP00000362776","9606.ENSP00000297268",822,"COL1A2","COL16A1","1278","1307"
"9606.ENSP00000362776","9606.ENSP00000300527",772,"COL6A2","COL16A1","1292","1307"
"9606.ENSP00000363071","9606.ENSP00000336775",788,"SYNM","DES","23336","1674"
"9606.ENSP00000363553","9606.ENSP00000306512",743,"CXCL8","LPAR1","3576","1902"
"9606.ENSP00000363553","9606.ENSP00000259486",917,"ENPP2","LPAR1","5168","1902"
"9606.ENSP00000363559","9606.ENSP00000363384",991,"ZNF593","EIF6","51042","3692"
"9606.ENSP00000363641","9606.ENSP00000353770",885,"RRM2","TXN","6241","7295"
"9606.ENSP00000364140","9606.ENSP00000331902",767,"COL4A5","COL15A1","1287","1306"
"9606.ENSP00000364140","9606.ENSP00000355180",760,"COL6A1","COL15A1","1291","1306"
"9606.ENSP00000364140","9606.ENSP00000297848",779,"COL14A1","COL15A1","7373","1306"
"9606.ENSP00000364140","9606.ENSP00000297268",702,"COL1A2","COL15A1","1278","1306"
"9606.ENSP00000364140","9606.ENSP00000300527",777,"COL6A2","COL15A1","1292","1306"
"9606.ENSP00000364711","9606.ENSP00000052754",711,"DCN","OGN","1634","4969"
"9606.ENSP00000364711","9606.ENSP00000266718",859,"LUM","OGN","4060","4969"
"9606.ENSP00000364711","9606.ENSP00000297848",782,"COL14A1","OGN","7373","4969"
"9606.ENSP00000364860","9606.ENSP00000286201",808,"FZD7","ROR2","8324","4920"
"9606.ENSP00000364870","9606.ENSP00000327145",889,"FLNC","HSPB7","2318","27129"
"9606.ENSP00000364870","9606.ENSP00000281938",912,"HSPB8","HSPB7","26353","27129"
"9606.ENSP00000364870","9606.ENSP00000358866",981,"FLNA","HSPB7","2316","27129"
"9606.ENSP00000364976","9606.ENSP00000288207",976,"CCNB2","CKS2","9133","1164"
"9606.ENSP00000364976","9606.ENSP00000335357",725,"CDKN3","CKS2","1033","1164"
"9606.ENSP00000364976","9606.ENSP00000311083",993,"CKS1B","CKS2","1163","1164"
"9606.ENSP00000364976","9606.ENSP00000356379",745,"ASPM","CKS2","259266","1164"
"9606.ENSP00000364976","9606.ENSP00000298048",793,"MELK","CKS2","9833","1164"
"9606.ENSP00000364976","9606.ENSP00000262643",852,"CCNE1","CKS2","898","1164"
"9606.ENSP00000364976","9606.ENSP00000361540",971,"CDC20","CKS2","991","1164"
"9606.ENSP00000364976","9606.ENSP00000313950",738,"AURKB","CKS2","9212","1164"
"9606.ENSP00000364976","9606.ENSP00000216911",804,"AURKA","CKS2","6790","1164"
"9606.ENSP00000364976","9606.ENSP00000361298",732,"KIF2C","CKS2","11004","1164"
"9606.ENSP00000364976","9606.ENSP00000256442",999,"CCNB1","CKS2","891","1164"
"9606.ENSP00000364976","9606.ENSP00000247191",841,"DLGAP5","CKS2","9787","1164"
"9606.ENSP00000364976","9606.ENSP00000348838",874,"UBE2C","CKS2","11065","1164"
"9606.ENSP00000366927","9606.ENSP00000209668",870,"ADH1A","ALDH1B1","124","219"
"9606.ENSP00000366927","9606.ENSP00000261733",945,"ALDH2","ALDH1B1","217","219"
"9606.ENSP00000367316","9606.ENSP00000295550",752,"COL6A3","ITGA8","1293","8516"
"9606.ENSP00000367316","9606.ENSP00000355180",860,"COL6A1","ITGA8","1291","8516"
"9606.ENSP00000367316","9606.ENSP00000265131",911,"TNC","ITGA8","3371","8516"
"9606.ENSP00000367316","9606.ENSP00000293379",833,"ITGA5","ITGA8","3678","8516"
"9606.ENSP00000367316","9606.ENSP00000355751",743,"THBS2","ITGA8","7058","8516"
"9606.ENSP00000367316","9606.ENSP00000300527",847,"COL6A2","ITGA8","1292","8516"
"9606.ENSP00000367316","9606.ENSP00000331902",734,"COL4A5","ITGA8","1287","8516"
"9606.ENSP00000367316","9606.ENSP00000354360",727,"LAMC3","ITGA8","10319","8516"
"9606.ENSP00000367316","9606.ENSP00000297268",747,"COL1A2","ITGA8","1278","8516"
"9606.ENSP00000368458","9606.ENSP00000361540",798,"CDC20","PCNA","991","5111"
"9606.ENSP00000368458","9606.ENSP00000307288",985,"MCM7","PCNA","4176","5111"
"9606.ENSP00000368458","9606.ENSP00000221486",943,"RNASEH2A","PCNA","10535","5111"
"9606.ENSP00000368458","9606.ENSP00000355958",995,"DTL","PCNA","51514","5111"
"9606.ENSP00000368458","9606.ENSP00000261254",971,"CCND2","PCNA","894","5111"
"9606.ENSP00000368458","9606.ENSP00000300035",997,"PCLAF","PCNA","9768","5111"
"9606.ENSP00000368458","9606.ENSP00000256442",867,"CCNB1","PCNA","891","5111"
"9606.ENSP00000368458","9606.ENSP00000265056",939,"MCM2","PCNA","4171","5111"
"9606.ENSP00000368458","9606.ENSP00000315644",913,"TYMS","PCNA","7298","5111"
"9606.ENSP00000368458","9606.ENSP00000353770",828,"RRM2","PCNA","6241","5111"
"9606.ENSP00000368458","9606.ENSP00000262643",896,"CCNE1","PCNA","898","5111"
"9606.ENSP00000368458","9606.ENSP00000262105",965,"MCM4","PCNA","4173","5111"
"9606.ENSP00000368646","9606.ENSP00000363641",889,"TXN","PRDX4","7295","10549"
"9606.ENSP00000369981","9606.ENSP00000316779",855,"BIN1","SH3GL2","274","6456"
"9606.ENSP00000369981","9606.ENSP00000348602",930,"AMPH","SH3GL2","273","6456"
"9606.ENSP00000370473","9606.ENSP00000301464",777,"IGFBP6","IGFBP3","3489","3486"
"9606.ENSP00000370473","9606.ENSP00000233813",978,"IGFBP5","IGFBP3","3488","3486"
"9606.ENSP00000370473","9606.ENSP00000233809",836,"IGFBP2","IGFBP3","3485","3486"
"9606.ENSP00000370473","9606.ENSP00000287820",850,"PPARG","IGFBP3","5468","3486"
"9606.ENSP00000370473","9606.ENSP00000322788",760,"MMP1","IGFBP3","4312","3486"
"9606.ENSP00000370542","9606.ENSP00000355751",921,"THBS2","SDC1","7058","6382"
"9606.ENSP00000370542","9606.ENSP00000052754",935,"DCN","SDC1","1634","6382"
"9606.ENSP00000370542","9606.ENSP00000297268",715,"COL1A2","SDC1","1278","6382"
"9606.ENSP00000370542","9606.ENSP00000300527",701,"COL6A2","SDC1","1292","6382"
"9606.ENSP00000370542","9606.ENSP00000265131",912,"TNC","SDC1","3371","6382"
"9606.ENSP00000370542","9606.ENSP00000306512",825,"CXCL8","SDC1","3576","6382"
"9606.ENSP00000370842","9606.ENSP00000306512",799,"CXCL8","IL33","3576","90865"
"9606.ENSP00000373477","9606.ENSP00000363641",925,"TXN","GPX3","7295","2878"
"9606.ENSP00000373477","9606.ENSP00000368646",737,"PRDX4","GPX3","10549","2878"
"9606.ENSP00000373489","9606.ENSP00000355124",928,"KRT19","KRT18","3880","3875"
"9606.ENSP00000373489","9606.ENSP00000263735",789,"EPCAM","KRT18","4072","3875"
"9606.ENSP00000375821","9606.ENSP00000279022",735,"MYL9","PPP1R12B","10398","4660"
"9606.ENSP00000375821","9606.ENSP00000353452",742,"MYLK","PPP1R12B","4638","4660"
"9606.ENSP00000376197","9606.ENSP00000339191",817,"CAV1","TFRC","857","7037"
"9606.ENSP00000376197","9606.ENSP00000319141",851,"CYBRD1","TFRC","79901","7037"
"9606.ENSP00000376678","9606.ENSP00000351022",752,"TPM1","TAGLN","7168","6876"
"9606.ENSP00000376678","9606.ENSP00000297268",744,"COL1A2","TAGLN","1278","6876"
"9606.ENSP00000376678","9606.ENSP00000354826",794,"CALD1","TAGLN","800","6876"
"9606.ENSP00000376678","9606.ENSP00000224784",954,"ACTA2","TAGLN","59","6876"
"9606.ENSP00000376678","9606.ENSP00000290378",720,"ACTC1","TAGLN","70","6876"
"9606.ENSP00000376678","9606.ENSP00000252456",781,"CNN1","TAGLN","1264","6876"
"9606.ENSP00000376678","9606.ENSP00000279022",929,"MYL9","TAGLN","10398","6876"
"9606.ENSP00000376678","9606.ENSP00000356257",757,"LMOD1","TAGLN","25802","6876"
"9606.ENSP00000376865","9606.ENSP00000257290",999,"PDGFRA","PDGFD","5156","80310"
"9606.ENSP00000376865","9606.ENSP00000339824",788,"FGFR3","PDGFD","2261","80310"
"9606.ENSP00000377061","9606.ENSP00000002829",992,"SEMA3F","PLXNA1","6405","5361"
"9606.ENSP00000377061","9606.ENSP00000246792",798,"RRAS","PLXNA1","6237","5361"
"9606.ENSP00000377061","9606.ENSP00000343690",786,"DPYSL3","PLXNA1","1809","5361"
"9606.ENSP00000377492","9606.ENSP00000251496",909,"NCAPG","HMMR","64151","3161"
"9606.ENSP00000377492","9606.ENSP00000260731",928,"KIF11","HMMR","3832","3161"
"9606.ENSP00000377492","9606.ENSP00000364976",716,"CKS2","HMMR","1164","3161"
"9606.ENSP00000377492","9606.ENSP00000360540",926,"CEP55","HMMR","55165","3161"
"9606.ENSP00000377492","9606.ENSP00000298048",884,"MELK","HMMR","9833","3161"
"9606.ENSP00000377492","9606.ENSP00000358813",881,"TTK","HMMR","7272","3161"
"9606.ENSP00000377492","9606.ENSP00000313950",760,"AURKB","HMMR","9212","3161"
"9606.ENSP00000377492","9606.ENSP00000300035",754,"PCLAF","HMMR","9768","3161"
"9606.ENSP00000377492","9606.ENSP00000247191",999,"DLGAP5","HMMR","9787","3161"
"9606.ENSP00000377492","9606.ENSP00000256442",942,"CCNB1","HMMR","891","3161"
"9606.ENSP00000377492","9606.ENSP00000256178",853,"LYVE1","HMMR","10894","3161"
"9606.ENSP00000377492","9606.ENSP00000361540",882,"CDC20","HMMR","991","3161"
"9606.ENSP00000377492","9606.ENSP00000335357",833,"CDKN3","HMMR","1033","3161"
"9606.ENSP00000377492","9606.ENSP00000348838",896,"UBE2C","HMMR","11065","3161"
"9606.ENSP00000377492","9606.ENSP00000355922",927,"CENPF","HMMR","1063","3161"
"9606.ENSP00000377492","9606.ENSP00000361298",868,"KIF2C","HMMR","11004","3161"
"9606.ENSP00000377492","9606.ENSP00000216911",970,"AURKA","HMMR","6790","3161"
"9606.ENSP00000377492","9606.ENSP00000341382",762,"SMC4","HMMR","10051","3161"
"9606.ENSP00000377492","9606.ENSP00000353770",807,"RRM2","HMMR","6241","3161"
"9606.ENSP00000377492","9606.ENSP00000342307",805,"FOXM1","HMMR","2305","3161"
"9606.ENSP00000377492","9606.ENSP00000336868",870,"CENPA","HMMR","1058","3161"
"9606.ENSP00000377492","9606.ENSP00000288207",888,"CCNB2","HMMR","9133","3161"
"9606.ENSP00000377492","9606.ENSP00000300403",979,"TPX2","HMMR","22974","3161"
"9606.ENSP00000377492","9606.ENSP00000356379",928,"ASPM","HMMR","259266","3161"
"9606.ENSP00000377492","9606.ENSP00000166345",763,"TRIP13","HMMR","9319","3161"
"9606.ENSP00000377508","9606.ENSP00000268603",803,"CDH11","JUP","1009","3728"
"9606.ENSP00000377508","9606.ENSP00000264012",847,"CDH3","JUP","1001","3728"
"9606.ENSP00000377508","9606.ENSP00000238682",858,"TGFB3","JUP","7043","3728"
"9606.ENSP00000377536","9606.ENSP00000256442",984,"CCNB1","PTTG1","891","9232"
"9606.ENSP00000377536","9606.ENSP00000247191",913,"DLGAP5","PTTG1","9787","9232"
"9606.ENSP00000377536","9606.ENSP00000348838",980,"UBE2C","PTTG1","11065","9232"
"9606.ENSP00000377536","9606.ENSP00000298048",874,"MELK","PTTG1","9833","9232"
"9606.ENSP00000377536","9606.ENSP00000336868",761,"CENPA","PTTG1","1058","9232"
"9606.ENSP00000377536","9606.ENSP00000311083",854,"CKS1B","PTTG1","1163","9232"
"9606.ENSP00000377536","9606.ENSP00000260731",859,"KIF11","PTTG1","3832","9232"
"9606.ENSP00000377536","9606.ENSP00000355922",827,"CENPF","PTTG1","1063","9232"
"9606.ENSP00000377536","9606.ENSP00000358813",835,"TTK","PTTG1","7272","9232"
"9606.ENSP00000377536","9606.ENSP00000315644",703,"TYMS","PTTG1","7298","9232"
"9606.ENSP00000377536","9606.ENSP00000251496",804,"NCAPG","PTTG1","64151","9232"
"9606.ENSP00000377536","9606.ENSP00000342307",745,"FOXM1","PTTG1","2305","9232"
"9606.ENSP00000377536","9606.ENSP00000313950",949,"AURKB","PTTG1","9212","9232"
"9606.ENSP00000377536","9606.ENSP00000361540",999,"CDC20","PTTG1","991","9232"
"9606.ENSP00000377536","9606.ENSP00000356379",866,"ASPM","PTTG1","259266","9232"
"9606.ENSP00000377536","9606.ENSP00000300035",870,"PCLAF","PTTG1","9768","9232"
"9606.ENSP00000377536","9606.ENSP00000361298",875,"KIF2C","PTTG1","11004","9232"
"9606.ENSP00000377536","9606.ENSP00000377492",861,"HMMR","PTTG1","3161","9232"
"9606.ENSP00000377536","9606.ENSP00000335357",840,"CDKN3","PTTG1","1033","9232"
"9606.ENSP00000377536","9606.ENSP00000288207",970,"CCNB2","PTTG1","9133","9232"
"9606.ENSP00000377536","9606.ENSP00000353770",821,"RRM2","PTTG1","6241","9232"
"9606.ENSP00000377536","9606.ENSP00000216911",967,"AURKA","PTTG1","6790","9232"
"9606.ENSP00000377536","9606.ENSP00000360540",892,"CEP55","PTTG1","55165","9232"
"9606.ENSP00000377536","9606.ENSP00000364976",888,"CKS2","PTTG1","1164","9232"
"9606.ENSP00000377536","9606.ENSP00000300403",921,"TPX2","PTTG1","22974","9232"
"9606.ENSP00000377546","9606.ENSP00000167586",731,"KRT14","KRT15","3861","3866"
"9606.ENSP00000377549","9606.ENSP00000256104",821,"FABP4","FABP6","2167","2172"
"9606.ENSP00000377783","9606.ENSP00000301178",997,"AXL","PROS1","558","5627"
"9606.ENSP00000377783","9606.ENSP00000331831",829,"GAS6","PROS1","2621","5627"
"9606.ENSP00000377783","9606.ENSP00000228938",880,"MGP","PROS1","4256","5627"
"9606.ENSP00000377793","9606.ENSP00000336868",772,"CENPA","PRC1","1058","9055"
"9606.ENSP00000377793","9606.ENSP00000216911",910,"AURKA","PRC1","6790","9055"
"9606.ENSP00000377793","9606.ENSP00000260731",972,"KIF11","PRC1","3832","9055"
"9606.ENSP00000377793","9606.ENSP00000166345",820,"TRIP13","PRC1","9319","9055"
"9606.ENSP00000377793","9606.ENSP00000342307",870,"FOXM1","PRC1","2305","9055"
"9606.ENSP00000377793","9606.ENSP00000361298",944,"KIF2C","PRC1","11004","9055"
"9606.ENSP00000377793","9606.ENSP00000288207",925,"CCNB2","PRC1","9133","9055"
"9606.ENSP00000377793","9606.ENSP00000355922",937,"CENPF","PRC1","1063","9055"
"9606.ENSP00000377793","9606.ENSP00000377492",833,"HMMR","PRC1","3161","9055"
"9606.ENSP00000377793","9606.ENSP00000326550",737,"TACC3","PRC1","10460","9055"
"9606.ENSP00000377793","9606.ENSP00000300403",999,"TPX2","PRC1","22974","9055"
"9606.ENSP00000377793","9606.ENSP00000247191",892,"DLGAP5","PRC1","9787","9055"
"9606.ENSP00000377793","9606.ENSP00000356379",921,"ASPM","PRC1","259266","9055"
"9606.ENSP00000377793","9606.ENSP00000377536",846,"PTTG1","PRC1","9232","9055"
"9606.ENSP00000377793","9606.ENSP00000360540",904,"CEP55","PRC1","55165","9055"
"9606.ENSP00000377793","9606.ENSP00000298048",893,"MELK","PRC1","9833","9055"
"9606.ENSP00000377793","9606.ENSP00000251496",921,"NCAPG","PRC1","64151","9055"
"9606.ENSP00000377793","9606.ENSP00000348838",827,"UBE2C","PRC1","11065","9055"
"9606.ENSP00000377793","9606.ENSP00000353770",868,"RRM2","PRC1","6241","9055"
"9606.ENSP00000377793","9606.ENSP00000262105",703,"MCM4","PRC1","4173","9055"
"9606.ENSP00000377793","9606.ENSP00000361540",947,"CDC20","PRC1","991","9055"
"9606.ENSP00000377793","9606.ENSP00000265056",708,"MCM2","PRC1","4171","9055"
"9606.ENSP00000377793","9606.ENSP00000256442",932,"CCNB1","PRC1","891","9055"
"9606.ENSP00000377793","9606.ENSP00000313950",850,"AURKB","PRC1","9212","9055"
"9606.ENSP00000377793","9606.ENSP00000335357",883,"CDKN3","PRC1","1033","9055"
"9606.ENSP00000377793","9606.ENSP00000358813",870,"TTK","PRC1","7272","9055"
"9606.ENSP00000377793","9606.ENSP00000341382",790,"SMC4","PRC1","10051","9055"
"9606.ENSP00000377941","9606.ENSP00000293379",965,"ITGA5","ACTN1","3678","87"
"9606.ENSP00000377941","9606.ENSP00000367316",731,"ITGA8","ACTN1","8516","87"
"9606.ENSP00000377941","9606.ENSP00000351022",887,"TPM1","ACTN1","7168","87"
"9606.ENSP00000377941","9606.ENSP00000358866",716,"FLNA","ACTN1","2316","87"
"9606.ENSP00000378058","9606.ENSP00000356399",786,"CFH","EFEMP1","3075","2202"
"9606.ENSP00000378340","9606.ENSP00000331902",982,"COL4A5","COL4A6","1287","1288"
"9606.ENSP00000378340","9606.ENSP00000293379",801,"ITGA5","COL4A6","3678","1288"
"9606.ENSP00000378340","9606.ENSP00000367316",734,"ITGA8","COL4A6","8516","1288"
"9606.ENSP00000378356","9606.ENSP00000247191",970,"DLGAP5","KIF20A","9787","10112"
"9606.ENSP00000378356","9606.ENSP00000288207",938,"CCNB2","KIF20A","9133","10112"
"9606.ENSP00000378356","9606.ENSP00000348838",961,"UBE2C","KIF20A","11065","10112"
"9606.ENSP00000378356","9606.ENSP00000360540",962,"CEP55","KIF20A","55165","10112"
"9606.ENSP00000378356","9606.ENSP00000361540",981,"CDC20","KIF20A","991","10112"
"9606.ENSP00000378356","9606.ENSP00000260731",980,"KIF11","KIF20A","3832","10112"
"9606.ENSP00000378356","9606.ENSP00000342307",944,"FOXM1","KIF20A","2305","10112"
"9606.ENSP00000378356","9606.ENSP00000358813",923,"TTK","KIF20A","7272","10112"
"9606.ENSP00000378356","9606.ENSP00000300035",826,"PCLAF","KIF20A","9768","10112"
"9606.ENSP00000378356","9606.ENSP00000166345",913,"TRIP13","KIF20A","9319","10112"
"9606.ENSP00000378356","9606.ENSP00000262105",824,"MCM4","KIF20A","4173","10112"
"9606.ENSP00000378356","9606.ENSP00000216911",936,"AURKA","KIF20A","6790","10112"
"9606.ENSP00000378356","9606.ENSP00000377793",937,"PRC1","KIF20A","9055","10112"
"9606.ENSP00000378356","9606.ENSP00000326550",787,"TACC3","KIF20A","10460","10112"
"9606.ENSP00000378356","9606.ENSP00000336868",913,"CENPA","KIF20A","1058","10112"
"9606.ENSP00000378356","9606.ENSP00000377536",900,"PTTG1","KIF20A","9232","10112"
"9606.ENSP00000378356","9606.ENSP00000300403",972,"TPX2","KIF20A","22974","10112"
"9606.ENSP00000378356","9606.ENSP00000377492",909,"HMMR","KIF20A","3161","10112"
"9606.ENSP00000378356","9606.ENSP00000361298",973,"KIF2C","KIF20A","11004","10112"
"9606.ENSP00000378356","9606.ENSP00000353770",935,"RRM2","KIF20A","6241","10112"
"9606.ENSP00000378356","9606.ENSP00000298048",929,"MELK","KIF20A","9833","10112"
"9606.ENSP00000378356","9606.ENSP00000251496",958,"NCAPG","KIF20A","64151","10112"
"9606.ENSP00000378356","9606.ENSP00000356379",975,"ASPM","KIF20A","259266","10112"
"9606.ENSP00000378356","9606.ENSP00000256442",954,"CCNB1","KIF20A","891","10112"
"9606.ENSP00000378356","9606.ENSP00000355922",960,"CENPF","KIF20A","1063","10112"
"9606.ENSP00000378356","9606.ENSP00000335357",835,"CDKN3","KIF20A","1033","10112"
"9606.ENSP00000378356","9606.ENSP00000341382",815,"SMC4","KIF20A","10051","10112"
"9606.ENSP00000378356","9606.ENSP00000313950",990,"AURKB","KIF20A","9212","10112"
"9606.ENSP00000378487","9606.ENSP00000005178",829,"PDK4","VDAC1","5166","7416"
"9606.ENSP00000378487","9606.ENSP00000339191",886,"CAV1","VDAC1","857","7416"
"9606.ENSP00000378487","9606.ENSP00000306253",996,"ITPR1","VDAC1","3708","7416"
"9606.ENSP00000378487","9606.ENSP00000322061",902,"C7","VDAC1","730","7416"
"9606.ENSP00000378517","9606.ENSP00000228938",924,"MGP","SPP1","4256","6696"
"9606.ENSP00000378517","9606.ENSP00000355751",726,"THBS2","SPP1","7058","6696"
"9606.ENSP00000378517","9606.ENSP00000367316",904,"ITGA8","SPP1","8516","6696"
"9606.ENSP00000378517","9606.ENSP00000306512",755,"CXCL8","SPP1","3576","6696"
"9606.ENSP00000378517","9606.ENSP00000356399",703,"CFH","SPP1","3075","6696"
"9606.ENSP00000378517","9606.ENSP00000293379",868,"ITGA5","SPP1","3678","6696"
"9606.ENSP00000378517","9606.ENSP00000052754",768,"DCN","SPP1","1634","6696"
"9606.ENSP00000378699","9606.ENSP00000377793",937,"PRC1","CDK1","9055","983"
"9606.ENSP00000378699","9606.ENSP00000360540",957,"CEP55","CDK1","55165","983"
"9606.ENSP00000378699","9606.ENSP00000341382",906,"SMC4","CDK1","10051","983"
"9606.ENSP00000378699","9606.ENSP00000355958",905,"DTL","CDK1","51514","983"
"9606.ENSP00000378699","9606.ENSP00000368458",930,"PCNA","CDK1","5111","983"
"9606.ENSP00000378699","9606.ENSP00000307288",846,"MCM7","CDK1","4176","983"
"9606.ENSP00000378699","9606.ENSP00000310842",853,"FANCI","CDK1","55215","983"
"9606.ENSP00000378699","9606.ENSP00000262643",972,"CCNE1","CDK1","898","983"
"9606.ENSP00000378699","9606.ENSP00000355922",978,"CENPF","CDK1","1063","983"
"9606.ENSP00000378699","9606.ENSP00000288207",999,"CCNB2","CDK1","9133","983"
"9606.ENSP00000378699","9606.ENSP00000261254",888,"CCND2","CDK1","894","983"
"9606.ENSP00000378699","9606.ENSP00000340989",963,"SFN","CDK1","2810","983"
"9606.ENSP00000378699","9606.ENSP00000300035",877,"PCLAF","CDK1","9768","983"
"9606.ENSP00000378699","9606.ENSP00000315644",846,"TYMS","CDK1","7298","983"
"9606.ENSP00000378699","9606.ENSP00000247191",957,"DLGAP5","CDK1","9787","983"
"9606.ENSP00000378699","9606.ENSP00000298048",902,"MELK","CDK1","9833","983"
"9606.ENSP00000378699","9606.ENSP00000216911",951,"AURKA","CDK1","6790","983"
"9606.ENSP00000378699","9606.ENSP00000166345",845,"TRIP13","CDK1","9319","983"
"9606.ENSP00000378699","9606.ENSP00000311083",999,"CKS1B","CDK1","1163","983"
"9606.ENSP00000378699","9606.ENSP00000348838",982,"UBE2C","CDK1","11065","983"
"9606.ENSP00000378699","9606.ENSP00000358813",905,"TTK","CDK1","7272","983"
"9606.ENSP00000378699","9606.ENSP00000326550",782,"TACC3","CDK1","10460","983"
"9606.ENSP00000378699","9606.ENSP00000356379",942,"ASPM","CDK1","259266","983"
"9606.ENSP00000378699","9606.ENSP00000377492",931,"HMMR","CDK1","3161","983"
"9606.ENSP00000378699","9606.ENSP00000342307",991,"FOXM1","CDK1","2305","983"
"9606.ENSP00000378699","9606.ENSP00000251496",981,"NCAPG","CDK1","64151","983"
"9606.ENSP00000378699","9606.ENSP00000313950",997,"AURKB","CDK1","9212","983"
"9606.ENSP00000378699","9606.ENSP00000361540",999,"CDC20","CDK1","991","983"
"9606.ENSP00000378699","9606.ENSP00000260731",987,"KIF11","CDK1","3832","983"
"9606.ENSP00000378699","9606.ENSP00000300403",952,"TPX2","CDK1","22974","983"
"9606.ENSP00000378699","9606.ENSP00000256442",999,"CCNB1","CDK1","891","983"
"9606.ENSP00000378699","9606.ENSP00000364976",999,"CKS2","CDK1","1164","983"
"9606.ENSP00000378699","9606.ENSP00000262105",827,"MCM4","CDK1","4173","983"
"9606.ENSP00000378699","9606.ENSP00000377536",985,"PTTG1","CDK1","9232","983"
"9606.ENSP00000378699","9606.ENSP00000336868",989,"CENPA","CDK1","1058","983"
"9606.ENSP00000378699","9606.ENSP00000353770",973,"RRM2","CDK1","6241","983"
"9606.ENSP00000378699","9606.ENSP00000378356",958,"KIF20A","CDK1","10112","983"
"9606.ENSP00000378699","9606.ENSP00000361298",972,"KIF2C","CDK1","11004","983"
"9606.ENSP00000378699","9606.ENSP00000265056",805,"MCM2","CDK1","4171","983"
"9606.ENSP00000378699","9606.ENSP00000335357",982,"CDKN3","CDK1","1033","983"
"9606.ENSP00000378957","9606.ENSP00000378058",784,"EFEMP1","MFAP4","2202","4239"
"9606.ENSP00000378957","9606.ENSP00000297848",710,"COL14A1","MFAP4","7373","4239"
"9606.ENSP00000378957","9606.ENSP00000345008",842,"FBLN5","MFAP4","10516","4239"
"9606.ENSP00000378957","9606.ENSP00000352455",713,"MFAP5","MFAP4","8076","4239"
"9606.ENSP00000378957","9606.ENSP00000266718",732,"LUM","MFAP4","4060","4239"
"9606.ENSP00000379140","9606.ENSP00000297268",727,"COL1A2","CXCL12","1278","6387"
"9606.ENSP00000379140","9606.ENSP00000215754",737,"MIF","CXCL12","4282","6387"
"9606.ENSP00000379140","9606.ENSP00000257290",806,"PDGFRA","CXCL12","5156","6387"
"9606.ENSP00000379140","9606.ENSP00000306512",951,"CXCL8","CXCL12","3576","6387"
"9606.ENSP00000379140","9606.ENSP00000370542",702,"SDC1","CXCL12","6382","6387"
"9606.ENSP00000379140","9606.ENSP00000293379",726,"ITGA5","CXCL12","3678","6387"
"9606.ENSP00000379287","9606.ENSP00000324806",904,"GSK3B","YWHAZ","2932","7534"
"9606.ENSP00000379287","9606.ENSP00000340989",878,"SFN","YWHAZ","2810","7534"
"9606.ENSP00000379287","9606.ENSP00000004982",701,"HSPB6","YWHAZ","126393","7534"
"9606.ENSP00000379287","9606.ENSP00000373489",809,"KRT18","YWHAZ","3875","7534"
"9606.ENSP00000379616","9606.ENSP00000351022",882,"TPM1","MYH11","7168","4629"
"9606.ENSP00000379616","9606.ENSP00000375821",781,"PPP1R12B","MYH11","4660","4629"
"9606.ENSP00000379616","9606.ENSP00000279022",986,"MYL9","MYH11","10398","4629"
"9606.ENSP00000379616","9606.ENSP00000353452",947,"MYLK","MYH11","4638","4629"
"9606.ENSP00000379616","9606.ENSP00000224784",997,"ACTA2","MYH11","59","4629"
"9606.ENSP00000379616","9606.ENSP00000376678",927,"TAGLN","MYH11","6876","4629"
"9606.ENSP00000379616","9606.ENSP00000354826",946,"CALD1","MYH11","800","4629"
"9606.ENSP00000379616","9606.ENSP00000356257",951,"LMOD1","MYH11","25802","4629"
"9606.ENSP00000379616","9606.ENSP00000252456",968,"CNN1","MYH11","1264","4629"
"9606.ENSP00000379678","9606.ENSP00000354923",836,"DMD","PGM5","1756","5239"
"9606.ENSP00000379678","9606.ENSP00000242729",747,"SSPN","PGM5","8082","5239"
"9606.ENSP00000381185","9606.ENSP00000256442",768,"CCNB1","BCL2","891","596"
"9606.ENSP00000381185","9606.ENSP00000322061",721,"C7","BCL2","730","596"
"9606.ENSP00000381185","9606.ENSP00000261254",885,"CCND2","BCL2","894","596"
"9606.ENSP00000381185","9606.ENSP00000306253",996,"ITPR1","BCL2","3708","596"
"9606.ENSP00000381185","9606.ENSP00000324806",731,"GSK3B","BCL2","2932","596"
"9606.ENSP00000381185","9606.ENSP00000246792",907,"RRAS","BCL2","6237","596"
"9606.ENSP00000381185","9606.ENSP00000378487",998,"VDAC1","BCL2","7416","596"
"9606.ENSP00000381185","9606.ENSP00000373477",725,"GPX3","BCL2","2878","596"
"9606.ENSP00000381185","9606.ENSP00000378699",920,"CDK1","BCL2","983","596"
"9606.ENSP00000381185","9606.ENSP00000379140",727,"CXCL12","BCL2","6387","596"
"9606.ENSP00000382595","9606.ENSP00000333667",843,"SHMT2","PAICS","6472","10606"
"9606.ENSP00000382595","9606.ENSP00000302100",791,"LGALS4","PAICS","3960","10606"
"9606.ENSP00000383376","9606.ENSP00000299106",990,"JAM3","JAM2","83700","58494"
"9606.ENSP00000384169","9606.ENSP00000352455",777,"MFAP5","FBLN2","8076","2199"
"9606.ENSP00000384169","9606.ENSP00000378058",769,"EFEMP1","FBLN2","2202","2199"
"9606.ENSP00000384169","9606.ENSP00000345008",786,"FBLN5","FBLN2","10516","2199"
"9606.ENSP00000384169","9606.ENSP00000378957",730,"MFAP4","FBLN2","4239","2199"
"9606.ENSP00000384169","9606.ENSP00000297268",713,"COL1A2","FBLN2","1278","2199"
"9606.ENSP00000384537","9606.ENSP00000349541",793,"CAVIN1","AKAP12","284119","9590"
"9606.ENSP00000385035","9606.ENSP00000278407",999,"SERPING1","C1S","710","716"
"9606.ENSP00000385035","9606.ENSP00000356399",744,"CFH","C1S","3075","716"
"9606.ENSP00000385035","9606.ENSP00000245907",908,"C3","C1S","718","716"
"9606.ENSP00000386104","9606.ENSP00000306100",719,"PAM","CPE","5066","1363"
"9606.ENSP00000386857","9606.ENSP00000376678",820,"TAGLN","ACTG2","6876","72"
"9606.ENSP00000386857","9606.ENSP00000353452",856,"MYLK","ACTG2","4638","72"
"9606.ENSP00000386857","9606.ENSP00000290378",939,"ACTC1","ACTG2","70","72"
"9606.ENSP00000386857","9606.ENSP00000252456",930,"CNN1","ACTG2","1264","72"
"9606.ENSP00000386857","9606.ENSP00000379616",993,"MYH11","ACTG2","4629","72"
"9606.ENSP00000386857","9606.ENSP00000279022",974,"MYL9","ACTG2","10398","72"
"9606.ENSP00000386857","9606.ENSP00000224784",988,"ACTA2","ACTG2","59","72"
"9606.ENSP00000386857","9606.ENSP00000356257",860,"LMOD1","ACTG2","25802","72"
"9606.ENSP00000386857","9606.ENSP00000354826",733,"CALD1","ACTG2","800","72"
"9606.ENSP00000386857","9606.ENSP00000351022",786,"TPM1","ACTG2","7168","72"
"9606.ENSP00000395772","9606.ENSP00000363559",947,"EIF6","GNL3","3692","26354"
"9606.ENSP00000395772","9606.ENSP00000363384",915,"ZNF593","GNL3","51042","26354"
"9606.ENSP00000398832","9606.ENSP00000306512",782,"CXCL8","AGTR1","3576","185"
"9606.ENSP00000402257","9606.ENSP00000379616",814,"MYH11","RUNX1T1","4629","862"
"9606.ENSP00000402257","9606.ENSP00000338157",903,"ZBTB16","RUNX1T1","7704","862"
"9606.ENSP00000406367","9606.ENSP00000367202",735,"RECK","ADGRA2","8434","25960"
"9606.ENSP00000406367","9606.ENSP00000324806",763,"GSK3B","ADGRA2","2932","25960"
"9606.ENSP00000410452","9606.ENSP00000315644",721,"TYMS","STMN1","7298","3925"
"9606.ENSP00000411532","9606.ENSP00000335357",863,"CDKN3","TOP2A","1033","7153"
"9606.ENSP00000411532","9606.ENSP00000315644",960,"TYMS","TOP2A","7298","7153"
"9606.ENSP00000411532","9606.ENSP00000260731",975,"KIF11","TOP2A","3832","7153"
"9606.ENSP00000411532","9606.ENSP00000256442",989,"CCNB1","TOP2A","891","7153"
"9606.ENSP00000411532","9606.ENSP00000356379",996,"ASPM","TOP2A","259266","7153"
"9606.ENSP00000411532","9606.ENSP00000336868",919,"CENPA","TOP2A","1058","7153"
"9606.ENSP00000411532","9606.ENSP00000355958",822,"DTL","TOP2A","51514","7153"
"9606.ENSP00000411532","9606.ENSP00000378699",997,"CDK1","TOP2A","983","7153"
"9606.ENSP00000411532","9606.ENSP00000377536",942,"PTTG1","TOP2A","9232","7153"
"9606.ENSP00000411532","9606.ENSP00000361540",980,"CDC20","TOP2A","991","7153"
"9606.ENSP00000411532","9606.ENSP00000310842",715,"FANCI","TOP2A","55215","7153"
"9606.ENSP00000411532","9606.ENSP00000360540",928,"CEP55","TOP2A","55165","7153"
"9606.ENSP00000411532","9606.ENSP00000216911",963,"AURKA","TOP2A","6790","7153"
"9606.ENSP00000411532","9606.ENSP00000166345",823,"TRIP13","TOP2A","9319","7153"
"9606.ENSP00000411532","9606.ENSP00000288207",975,"CCNB2","TOP2A","9133","7153"
"9606.ENSP00000411532","9606.ENSP00000251496",967,"NCAPG","TOP2A","64151","7153"
"9606.ENSP00000411532","9606.ENSP00000342307",927,"FOXM1","TOP2A","2305","7153"
"9606.ENSP00000411532","9606.ENSP00000307288",706,"MCM7","TOP2A","4176","7153"
"9606.ENSP00000411532","9606.ENSP00000300403",942,"TPX2","TOP2A","22974","7153"
"9606.ENSP00000411532","9606.ENSP00000353770",956,"RRM2","TOP2A","6241","7153"
"9606.ENSP00000411532","9606.ENSP00000298048",955,"MELK","TOP2A","9833","7153"
"9606.ENSP00000411532","9606.ENSP00000377492",902,"HMMR","TOP2A","3161","7153"
"9606.ENSP00000411532","9606.ENSP00000364976",708,"CKS2","TOP2A","1164","7153"
"9606.ENSP00000411532","9606.ENSP00000313950",970,"AURKB","TOP2A","9212","7153"
"9606.ENSP00000411532","9606.ENSP00000262105",814,"MCM4","TOP2A","4173","7153"
"9606.ENSP00000411532","9606.ENSP00000348838",973,"UBE2C","TOP2A","11065","7153"
"9606.ENSP00000411532","9606.ENSP00000355922",974,"CENPF","TOP2A","1063","7153"
"9606.ENSP00000411532","9606.ENSP00000253462",711,"GINS2","TOP2A","51659","7153"
"9606.ENSP00000411532","9606.ENSP00000247191",978,"DLGAP5","TOP2A","9787","7153"
"9606.ENSP00000411532","9606.ENSP00000377793",932,"PRC1","TOP2A","9055","7153"
"9606.ENSP00000411532","9606.ENSP00000361298",937,"KIF2C","TOP2A","11004","7153"
"9606.ENSP00000411532","9606.ENSP00000300035",920,"PCLAF","TOP2A","9768","7153"
"9606.ENSP00000411532","9606.ENSP00000358813",958,"TTK","TOP2A","7272","7153"
"9606.ENSP00000411532","9606.ENSP00000368458",789,"PCNA","TOP2A","5111","7153"
"9606.ENSP00000411532","9606.ENSP00000341382",903,"SMC4","TOP2A","10051","7153"
"9606.ENSP00000411532","9606.ENSP00000221486",753,"RNASEH2A","TOP2A","10535","7153"
"9606.ENSP00000411532","9606.ENSP00000378356",974,"KIF20A","TOP2A","10112","7153"
"9606.ENSP00000413606","9606.ENSP00000263864",855,"VAMP8","STXBP2","8673","6813"
"9606.ENSP00000414109","9606.ENSP00000336868",999,"CENPA","HJURP","1058","55355"
"9606.ENSP00000414109","9606.ENSP00000356379",931,"ASPM","HJURP","259266","55355"
"9606.ENSP00000414109","9606.ENSP00000361540",925,"CDC20","HJURP","991","55355"
"9606.ENSP00000414109","9606.ENSP00000247191",946,"DLGAP5","HJURP","9787","55355"
"9606.ENSP00000414109","9606.ENSP00000353770",866,"RRM2","HJURP","6241","55355"
"9606.ENSP00000414109","9606.ENSP00000377492",878,"HMMR","HJURP","3161","55355"
"9606.ENSP00000414109","9606.ENSP00000166345",741,"TRIP13","HJURP","9319","55355"
"9606.ENSP00000414109","9606.ENSP00000300403",892,"TPX2","HJURP","22974","55355"
"9606.ENSP00000414109","9606.ENSP00000378699",910,"CDK1","HJURP","983","55355"
"9606.ENSP00000414109","9606.ENSP00000216911",852,"AURKA","HJURP","6790","55355"
"9606.ENSP00000414109","9606.ENSP00000378356",935,"KIF20A","HJURP","10112","55355"
"9606.ENSP00000414109","9606.ENSP00000260731",930,"KIF11","HJURP","3832","55355"
"9606.ENSP00000414109","9606.ENSP00000348838",924,"UBE2C","HJURP","11065","55355"
"9606.ENSP00000414109","9606.ENSP00000313950",927,"AURKB","HJURP","9212","55355"
"9606.ENSP00000414109","9606.ENSP00000411532",911,"TOP2A","HJURP","7153","55355"
"9606.ENSP00000414109","9606.ENSP00000377536",708,"PTTG1","HJURP","9232","55355"
"9606.ENSP00000414109","9606.ENSP00000298048",924,"MELK","HJURP","9833","55355"
"9606.ENSP00000414109","9606.ENSP00000335357",782,"CDKN3","HJURP","1033","55355"
"9606.ENSP00000414109","9606.ENSP00000355922",946,"CENPF","HJURP","1063","55355"
"9606.ENSP00000414109","9606.ENSP00000300035",763,"PCLAF","HJURP","9768","55355"
"9606.ENSP00000414109","9606.ENSP00000251496",882,"NCAPG","HJURP","64151","55355"
"9606.ENSP00000414109","9606.ENSP00000377793",797,"PRC1","HJURP","9055","55355"
"9606.ENSP00000414109","9606.ENSP00000358813",929,"TTK","HJURP","7272","55355"
"9606.ENSP00000414109","9606.ENSP00000360540",921,"CEP55","HJURP","55165","55355"
"9606.ENSP00000414109","9606.ENSP00000256442",871,"CCNB1","HJURP","891","55355"
"9606.ENSP00000414109","9606.ENSP00000288207",905,"CCNB2","HJURP","9133","55355"
"9606.ENSP00000414109","9606.ENSP00000361298",938,"KIF2C","HJURP","11004","55355"
"9606.ENSP00000414109","9606.ENSP00000342307",918,"FOXM1","HJURP","2305","55355"
"9606.ENSP00000415786","9606.ENSP00000220809",878,"PLAT","SERPINE2","5327","5270"
"9606.ENSP00000416293","9606.ENSP00000261622",719,"SLC7A5","SLC2A1","8140","6513"
"9606.ENSP00000419313","9606.ENSP00000306253",984,"ITPR1","TRPC1","3708","7220"
"9606.ENSP00000419313","9606.ENSP00000339191",945,"CAV1","TRPC1","857","7220"
"9606.ENSP00000422464","9606.ENSP00000220809",805,"PLAT","PDGFC","5327","56034"
"9606.ENSP00000422464","9606.ENSP00000339824",708,"FGFR3","PDGFC","2261","56034"
"9606.ENSP00000422464","9606.ENSP00000257290",999,"PDGFRA","PDGFC","5156","56034"
"9606.ENSP00000422464","9606.ENSP00000376865",985,"PDGFD","PDGFC","80310","56034"
"9606.ENSP00000422591","9606.ENSP00000379140",733,"CXCL12","SLIT2","6387","9353"
"9606.ENSP00000425556","9606.ENSP00000347852",709,"SORBS2","PALLD","8470","23022"
"9606.ENSP00000427985","9606.ENSP00000343690",976,"DPYSL3","DPYSL2","1809","1808"
"9606.ENSP00000427985","9606.ENSP00000324806",989,"GSK3B","DPYSL2","2932","1808"
"9606.ENSP00000427985","9606.ENSP00000363641",706,"TXN","DPYSL2","7295","1808"
"9606.ENSP00000427985","9606.ENSP00000377061",825,"PLXNA1","DPYSL2","5361","1808"
"9606.ENSP00000427985","9606.ENSP00000296755",756,"MAP1B","DPYSL2","4131","1808"
"9606.ENSP00000428489","9606.ENSP00000336868",925,"CENPA","PBK","1058","55872"
"9606.ENSP00000428489","9606.ENSP00000377536",861,"PTTG1","PBK","9232","55872"
"9606.ENSP00000428489","9606.ENSP00000256442",962,"CCNB1","PBK","891","55872"
"9606.ENSP00000428489","9606.ENSP00000356379",951,"ASPM","PBK","259266","55872"
"9606.ENSP00000428489","9606.ENSP00000342307",845,"FOXM1","PBK","2305","55872"
"9606.ENSP00000428489","9606.ENSP00000216911",791,"AURKA","PBK","6790","55872"
"9606.ENSP00000428489","9606.ENSP00000260731",955,"KIF11","PBK","3832","55872"
"9606.ENSP00000428489","9606.ENSP00000300403",945,"TPX2","PBK","22974","55872"
"9606.ENSP00000428489","9606.ENSP00000377492",893,"HMMR","PBK","3161","55872"
"9606.ENSP00000428489","9606.ENSP00000247191",979,"DLGAP5","PBK","9787","55872"
"9606.ENSP00000428489","9606.ENSP00000360540",957,"CEP55","PBK","55165","55872"
"9606.ENSP00000428489","9606.ENSP00000378699",988,"CDK1","PBK","983","55872"
"9606.ENSP00000428489","9606.ENSP00000377793",899,"PRC1","PBK","9055","55872"
"9606.ENSP00000428489","9606.ENSP00000355958",873,"DTL","PBK","51514","55872"
"9606.ENSP00000428489","9606.ENSP00000300035",862,"PCLAF","PBK","9768","55872"
"9606.ENSP00000428489","9606.ENSP00000361540",959,"CDC20","PBK","991","55872"
"9606.ENSP00000428489","9606.ENSP00000348838",946,"UBE2C","PBK","11065","55872"
"9606.ENSP00000428489","9606.ENSP00000298048",963,"MELK","PBK","9833","55872"
"9606.ENSP00000428489","9606.ENSP00000355922",949,"CENPF","PBK","1063","55872"
"9606.ENSP00000428489","9606.ENSP00000313950",791,"AURKB","PBK","9212","55872"
"9606.ENSP00000428489","9606.ENSP00000288207",880,"CCNB2","PBK","9133","55872"
"9606.ENSP00000428489","9606.ENSP00000411532",958,"TOP2A","PBK","7153","55872"
"9606.ENSP00000428489","9606.ENSP00000326550",726,"TACC3","PBK","10460","55872"
"9606.ENSP00000428489","9606.ENSP00000361298",909,"KIF2C","PBK","11004","55872"
"9606.ENSP00000428489","9606.ENSP00000414109",896,"HJURP","PBK","55355","55872"
"9606.ENSP00000428489","9606.ENSP00000166345",840,"TRIP13","PBK","9319","55872"
"9606.ENSP00000428489","9606.ENSP00000315644",885,"TYMS","PBK","7298","55872"
"9606.ENSP00000428489","9606.ENSP00000358813",969,"TTK","PBK","7272","55872"
"9606.ENSP00000428489","9606.ENSP00000335357",861,"CDKN3","PBK","1033","55872"
"9606.ENSP00000428489","9606.ENSP00000378356",955,"KIF20A","PBK","10112","55872"
"9606.ENSP00000428489","9606.ENSP00000251496",920,"NCAPG","PBK","64151","55872"
"9606.ENSP00000428489","9606.ENSP00000353770",930,"RRM2","PBK","6241","55872"
"9606.ENSP00000430620","9606.ENSP00000319141",832,"CYBRD1","HEPH","79901","9843"
"9606.ENSP00000433112","9606.ENSP00000220772",775,"SFRP1","DKK3","6422","27122"
"9606.ENSP00000433560","9606.ENSP00000281938",754,"HSPB8","CRYAB","26353","1410"
"9606.ENSP00000433560","9606.ENSP00000327145",727,"FLNC","CRYAB","2318","1410"
"9606.ENSP00000438483","9606.ENSP00000411532",742,"TOP2A","KPNA2","7153","3838"
"9606.ENSP00000438483","9606.ENSP00000247191",705,"DLGAP5","KPNA2","9787","3838"
"9606.ENSP00000438483","9606.ENSP00000378699",848,"CDK1","KPNA2","983","3838"
"9606.ENSP00000438483","9606.ENSP00000353770",743,"RRM2","KPNA2","6241","3838"
"9606.ENSP00000438483","9606.ENSP00000300403",867,"TPX2","KPNA2","22974","3838"
"9606.ENSP00000438483","9606.ENSP00000364976",789,"CKS2","KPNA2","1164","3838"
"9606.ENSP00000438483","9606.ENSP00000298048",719,"MELK","KPNA2","9833","3838"
"9606.ENSP00000438483","9606.ENSP00000348838",806,"UBE2C","KPNA2","11065","3838"
"9606.ENSP00000438483","9606.ENSP00000288207",794,"CCNB2","KPNA2","9133","3838"
"9606.ENSP00000438483","9606.ENSP00000256442",840,"CCNB1","KPNA2","891","3838"
"9606.ENSP00000438483","9606.ENSP00000428489",765,"PBK","KPNA2","55872","3838"
"9606.ENSP00000438483","9606.ENSP00000361540",712,"CDC20","KPNA2","991","3838"
"9606.ENSP00000440066","9606.ENSP00000348888",999,"PIGR","JCHAIN","5284","3512"
"9606.ENSP00000442786","9606.ENSP00000306772",794,"LDB2","LMO3","9079","55885"
"9606.ENSP00000446007","9606.ENSP00000379287",746,"YWHAZ","VIM","7534","7431"
"9606.ENSP00000446007","9606.ENSP00000224784",776,"ACTA2","VIM","59","7431"
"9606.ENSP00000446007","9606.ENSP00000357206",867,"NES","VIM","10763","7431"
"9606.ENSP00000446007","9606.ENSP00000358865",784,"INA","VIM","9118","7431"
"9606.ENSP00000446007","9606.ENSP00000363071",957,"DES","VIM","1674","7431"
"9606.ENSP00000449404","9606.ENSP00000355124",796,"KRT19","KRT8","3880","3856"
"9606.ENSP00000449404","9606.ENSP00000373489",999,"KRT18","KRT8","3875","3856"
"9606.ENSP00000449404","9606.ENSP00000329243",746,"KRT7","KRT8","3855","3856"
"9606.ENSP00000449404","9606.ENSP00000263735",845,"EPCAM","KRT8","4072","3856"
"9606.ENSP00000449756","9606.ENSP00000261622",775,"SLC7A5","SLC38A1","8140","81539"
"9606.ENSP00000450540","9606.ENSP00000323929",929,"A2M","SERPINA3","2","12"
"9606.ENSP00000450607","9606.ENSP00000310842",830,"FANCI","TIMELESS","55215","8914"
"9606.ENSP00000450607","9606.ENSP00000265056",998,"MCM2","TIMELESS","4171","8914"
"9606.ENSP00000450607","9606.ENSP00000307288",996,"MCM7","TIMELESS","4176","8914"
"9606.ENSP00000450607","9606.ENSP00000262105",993,"MCM4","TIMELESS","4173","8914"
"9606.ENSP00000450607","9606.ENSP00000253462",977,"GINS2","TIMELESS","51659","8914"
"9606.ENSP00000451406","9606.ENSP00000297785",912,"ALDH1A1","HSD17B6","216","8630"
"9606.ENSP00000451406","9606.ENSP00000249750",908,"ALDH1A2","HSD17B6","8854","8630"
"9606.ENSP00000453793","9606.ENSP00000272369",990,"MEIS1","MEIS2","4211","4212"
"9606.ENSP00000463978","9606.ENSP00000416293",799,"SLC2A1","SLC16A3","6513","9123"
"9606.ENSP00000465630","9606.ENSP00000377508",803,"JUP","EVPL","3728","2125"
"9606.ENSP00000465630","9606.ENSP00000243924",779,"PI3","EVPL","5266","2125"
"9606.ENSP00000468253","9606.ENSP00000245907",998,"C3","CFD","718","1675"
"9606.ENSP00000468425","9606.ENSP00000356379",763,"ASPM","TK1","259266","7083"
"9606.ENSP00000468425","9606.ENSP00000378699",840,"CDK1","TK1","983","7083"
"9606.ENSP00000468425","9606.ENSP00000360540",802,"CEP55","TK1","55165","7083"
"9606.ENSP00000468425","9606.ENSP00000353770",914,"RRM2","TK1","6241","7083"
"9606.ENSP00000468425","9606.ENSP00000300035",820,"PCLAF","TK1","9768","7083"
"9606.ENSP00000468425","9606.ENSP00000377536",788,"PTTG1","TK1","9232","7083"
"9606.ENSP00000468425","9606.ENSP00000247191",811,"DLGAP5","TK1","9787","7083"
"9606.ENSP00000468425","9606.ENSP00000315644",991,"TYMS","TK1","7298","7083"
"9606.ENSP00000468425","9606.ENSP00000288207",880,"CCNB2","TK1","9133","7083"
"9606.ENSP00000468425","9606.ENSP00000438483",707,"KPNA2","TK1","3838","7083"
"9606.ENSP00000468425","9606.ENSP00000313950",767,"AURKB","TK1","9212","7083"
"9606.ENSP00000468425","9606.ENSP00000260731",761,"KIF11","TK1","3832","7083"
"9606.ENSP00000468425","9606.ENSP00000414109",723,"HJURP","TK1","55355","7083"
"9606.ENSP00000468425","9606.ENSP00000361540",883,"CDC20","TK1","991","7083"
"9606.ENSP00000468425","9606.ENSP00000298048",792,"MELK","TK1","9833","7083"
"9606.ENSP00000468425","9606.ENSP00000348838",873,"UBE2C","TK1","11065","7083"
"9606.ENSP00000468425","9606.ENSP00000355922",782,"CENPF","TK1","1063","7083"
"9606.ENSP00000468425","9606.ENSP00000333667",750,"SHMT2","TK1","6472","7083"
"9606.ENSP00000468425","9606.ENSP00000300403",792,"TPX2","TK1","22974","7083"
"9606.ENSP00000468425","9606.ENSP00000378356",791,"KIF20A","TK1","10112","7083"
"9606.ENSP00000468425","9606.ENSP00000411532",806,"TOP2A","TK1","7153","7083"
"9606.ENSP00000468425","9606.ENSP00000356853",775,"UCK2","TK1","7371","7083"
"9606.ENSP00000468425","9606.ENSP00000166345",722,"TRIP13","TK1","9319","7083"
"9606.ENSP00000468425","9606.ENSP00000256442",879,"CCNB1","TK1","891","7083"
"9606.ENSP00000468425","9606.ENSP00000342307",811,"FOXM1","TK1","2305","7083"
"9606.ENSP00000472546","9606.ENSP00000354612",734,"PTGS1","PLA2G4C","5742","8605"
"9606.ENSP00000477567","9606.ENSP00000354612",909,"PTGS1","CYP4F8","5742","11283"
"9606.ENSP00000478561","9606.ENSP00000451406",911,"HSD17B6","CYP1B1","8630","1545"
"9606.ENSP00000481380","9606.ENSP00000377492",921,"HMMR","CCNA2","3161","890"
"9606.ENSP00000481380","9606.ENSP00000300403",954,"TPX2","CCNA2","22974","890"
"9606.ENSP00000481380","9606.ENSP00000342307",985,"FOXM1","CCNA2","2305","890"
"9606.ENSP00000481380","9606.ENSP00000428489",943,"PBK","CCNA2","55872","890"
"9606.ENSP00000481380","9606.ENSP00000377536",934,"PTTG1","CCNA2","9232","890"
"9606.ENSP00000481380","9606.ENSP00000355922",944,"CENPF","CCNA2","1063","890"
"9606.ENSP00000481380","9606.ENSP00000216911",949,"AURKA","CCNA2","6790","890"
"9606.ENSP00000481380","9606.ENSP00000360540",923,"CEP55","CCNA2","55165","890"
"9606.ENSP00000481380","9606.ENSP00000378699",999,"CDK1","CCNA2","983","890"
"9606.ENSP00000481380","9606.ENSP00000247191",970,"DLGAP5","CCNA2","9787","890"
"9606.ENSP00000481380","9606.ENSP00000378356",974,"KIF20A","CCNA2","10112","890"
"9606.ENSP00000481380","9606.ENSP00000313950",991,"AURKB","CCNA2","9212","890"
"9606.ENSP00000481380","9606.ENSP00000311083",999,"CKS1B","CCNA2","1163","890"
"9606.ENSP00000481380","9606.ENSP00000356379",944,"ASPM","CCNA2","259266","890"
"9606.ENSP00000481380","9606.ENSP00000251496",949,"NCAPG","CCNA2","64151","890"
"9606.ENSP00000481380","9606.ENSP00000364976",990,"CKS2","CCNA2","1164","890"
"9606.ENSP00000481380","9606.ENSP00000298048",939,"MELK","CCNA2","9833","890"
"9606.ENSP00000481380","9606.ENSP00000166345",778,"TRIP13","CCNA2","9319","890"
"9606.ENSP00000481380","9606.ENSP00000468425",780,"TK1","CCNA2","7083","890"
"9606.ENSP00000481380","9606.ENSP00000355958",907,"DTL","CCNA2","51514","890"
"9606.ENSP00000481380","9606.ENSP00000377793",910,"PRC1","CCNA2","9055","890"
"9606.ENSP00000481380","9606.ENSP00000315644",865,"TYMS","CCNA2","7298","890"
"9606.ENSP00000481380","9606.ENSP00000341382",760,"SMC4","CCNA2","10051","890"
"9606.ENSP00000481380","9606.ENSP00000336868",990,"CENPA","CCNA2","1058","890"
"9606.ENSP00000481380","9606.ENSP00000368458",925,"PCNA","CCNA2","5111","890"
"9606.ENSP00000481380","9606.ENSP00000260731",978,"KIF11","CCNA2","3832","890"
"9606.ENSP00000481380","9606.ENSP00000262105",895,"MCM4","CCNA2","4173","890"
"9606.ENSP00000481380","9606.ENSP00000326550",747,"TACC3","CCNA2","10460","890"
"9606.ENSP00000481380","9606.ENSP00000256442",995,"CCNB1","CCNA2","891","890"
"9606.ENSP00000481380","9606.ENSP00000414109",877,"HJURP","CCNA2","55355","890"
"9606.ENSP00000481380","9606.ENSP00000265056",827,"MCM2","CCNA2","4171","890"
"9606.ENSP00000481380","9606.ENSP00000361298",949,"KIF2C","CCNA2","11004","890"
"9606.ENSP00000481380","9606.ENSP00000358813",939,"TTK","CCNA2","7272","890"
"9606.ENSP00000481380","9606.ENSP00000361540",999,"CDC20","CCNA2","991","890"
"9606.ENSP00000481380","9606.ENSP00000300035",886,"PCLAF","CCNA2","9768","890"
"9606.ENSP00000481380","9606.ENSP00000262643",903,"CCNE1","CCNA2","898","890"
"9606.ENSP00000481380","9606.ENSP00000307288",947,"MCM7","CCNA2","4176","890"
"9606.ENSP00000481380","9606.ENSP00000335357",947,"CDKN3","CCNA2","1033","890"
"9606.ENSP00000481380","9606.ENSP00000353770",939,"RRM2","CCNA2","6241","890"
"9606.ENSP00000481380","9606.ENSP00000348838",994,"UBE2C","CCNA2","11065","890"
"9606.ENSP00000481380","9606.ENSP00000411532",982,"TOP2A","CCNA2","7153","890"
"9606.ENSP00000481380","9606.ENSP00000288207",965,"CCNB2","CCNA2","9133","890"
"9606.ENSP00000483403","9606.ENSP00000370473",899,"IGFBP3","GHR","3486","2690"
"9606.ENSP00000484398","9606.ENSP00000252456",799,"CNN1","SMTN","1264","6525"
"9606.ENSP00000484398","9606.ENSP00000376678",798,"TAGLN","SMTN","6876","6525"
"9606.ENSP00000484398","9606.ENSP00000379616",803,"MYH11","SMTN","4629","6525"
"9606.ENSP00000487174","9606.ENSP00000446007",899,"VIM","ZEB2","7431","9839"
"9606.ENSP00000495530","9606.ENSP00000285379",766,"CA2","ENO1","760","2023"
"9606.ENSP00000495530","9606.ENSP00000363641",713,"TXN","ENO1","7295","2023"
"9606.ENSP00000495530","9606.ENSP00000379287",794,"YWHAZ","ENO1","7534","2023"
"9606.ENSP00000495530","9606.ENSP00000270776",903,"PGD","ENO1","5226","2023"
"9606.ENSP00000495530","9606.ENSP00000296130",762,"CLEC3B","ENO1","7123","2023"
"9606.ENSP00000495530","9606.ENSP00000378487",747,"VDAC1","ENO1","7416","2023"
"9606.ENSP00000495530","9606.ENSP00000299198",736,"CKB","ENO1","1152","2023"
"9606.ENSP00000496268","9606.ENSP00000354923",981,"DMD","SGCE","1756","8910"
"9606.ENSP00000496268","9606.ENSP00000242729",984,"SSPN","SGCE","8082","8910"
"9606.ENSP00000496268","9606.ENSP00000379678",740,"PGM5","SGCE","5239","8910"
"9606.ENSP00000496494","9606.ENSP00000327145",742,"FLNC","TPM2","2318","7169"
"9606.ENSP00000496494","9606.ENSP00000379616",897,"MYH11","TPM2","4629","7169"
"9606.ENSP00000496494","9606.ENSP00000290378",954,"ACTC1","TPM2","70","7169"
"9606.ENSP00000496494","9606.ENSP00000376678",724,"TAGLN","TPM2","6876","7169"
"9606.ENSP00000496494","9606.ENSP00000351022",993,"TPM1","TPM2","7168","7169"
"9606.ENSP00000496494","9606.ENSP00000224784",824,"ACTA2","TPM2","59","7169"
"9606.ENSP00000496494","9606.ENSP00000386857",835,"ACTG2","TPM2","72","7169"
"9606.ENSP00000496494","9606.ENSP00000356257",721,"LMOD1","TPM2","25802","7169"
"9606.ENSP00000496494","9606.ENSP00000259365",836,"TMOD1","TPM2","7111","7169"
"9606.ENSP00000496494","9606.ENSP00000353452",820,"MYLK","TPM2","4638","7169"
"9606.ENSP00000496494","9606.ENSP00000354826",747,"CALD1","TPM2","800","7169"
"9606.ENSP00000496494","9606.ENSP00000279022",866,"MYL9","TPM2","10398","7169"
"9606.ENSP00000496832","9606.ENSP00000483430",970,"IFI27","ISG15","3429","9636"
"9606.ENSP00000496832","9606.ENSP00000368458",918,"PCNA","ISG15","5111","9636"
"9606.ENSP00000498852","9606.ENSP00000381185",702,"BCL2","SPN","596","6693"
"9606.ENSP00000498852","9606.ENSP00000370542",807,"SDC1","SPN","6382","6693"
"9606.ENSP00000499238","9606.ENSP00000256442",923,"CCNB1","NUSAP1","891","51203"
"9606.ENSP00000499238","9606.ENSP00000355958",834,"DTL","NUSAP1","51514","51203"
"9606.ENSP00000499238","9606.ENSP00000358813",926,"TTK","NUSAP1","7272","51203"
"9606.ENSP00000499238","9606.ENSP00000216911",843,"AURKA","NUSAP1","6790","51203"
"9606.ENSP00000499238","9606.ENSP00000468425",747,"TK1","NUSAP1","7083","51203"
"9606.ENSP00000499238","9606.ENSP00000300403",964,"TPX2","NUSAP1","22974","51203"
"9606.ENSP00000499238","9606.ENSP00000481380",922,"CCNA2","NUSAP1","890","51203"
"9606.ENSP00000499238","9606.ENSP00000310842",840,"FANCI","NUSAP1","55215","51203"
"9606.ENSP00000499238","9606.ENSP00000378699",946,"CDK1","NUSAP1","983","51203"
"9606.ENSP00000499238","9606.ENSP00000288207",962,"CCNB2","NUSAP1","9133","51203"
"9606.ENSP00000499238","9606.ENSP00000360540",930,"CEP55","NUSAP1","55165","51203"
"9606.ENSP00000499238","9606.ENSP00000247191",965,"DLGAP5","NUSAP1","9787","51203"
"9606.ENSP00000499238","9606.ENSP00000361298",943,"KIF2C","NUSAP1","11004","51203"
"9606.ENSP00000499238","9606.ENSP00000300035",914,"PCLAF","NUSAP1","9768","51203"
"9606.ENSP00000499238","9606.ENSP00000260731",974,"KIF11","NUSAP1","3832","51203"
"9606.ENSP00000499238","9606.ENSP00000166345",744,"TRIP13","NUSAP1","9319","51203"
"9606.ENSP00000499238","9606.ENSP00000298048",930,"MELK","NUSAP1","9833","51203"
"9606.ENSP00000499238","9606.ENSP00000348838",964,"UBE2C","NUSAP1","11065","51203"
"9606.ENSP00000499238","9606.ENSP00000356379",940,"ASPM","NUSAP1","259266","51203"
"9606.ENSP00000499238","9606.ENSP00000315644",905,"TYMS","NUSAP1","7298","51203"
"9606.ENSP00000499238","9606.ENSP00000364976",774,"CKS2","NUSAP1","1164","51203"
"9606.ENSP00000499238","9606.ENSP00000251496",931,"NCAPG","NUSAP1","64151","51203"
"9606.ENSP00000499238","9606.ENSP00000411532",999,"TOP2A","NUSAP1","7153","51203"
"9606.ENSP00000499238","9606.ENSP00000378356",956,"KIF20A","NUSAP1","10112","51203"
"9606.ENSP00000499238","9606.ENSP00000377492",896,"HMMR","NUSAP1","3161","51203"
"9606.ENSP00000499238","9606.ENSP00000342307",782,"FOXM1","NUSAP1","2305","51203"
"9606.ENSP00000499238","9606.ENSP00000414109",926,"HJURP","NUSAP1","55355","51203"
"9606.ENSP00000499238","9606.ENSP00000336868",874,"CENPA","NUSAP1","1058","51203"
"9606.ENSP00000499238","9606.ENSP00000377536",906,"PTTG1","NUSAP1","9232","51203"
"9606.ENSP00000499238","9606.ENSP00000335357",831,"CDKN3","NUSAP1","1033","51203"
"9606.ENSP00000499238","9606.ENSP00000428489",954,"PBK","NUSAP1","55872","51203"
"9606.ENSP00000499238","9606.ENSP00000353770",951,"RRM2","NUSAP1","6241","51203"
"9606.ENSP00000499238","9606.ENSP00000361540",946,"CDC20","NUSAP1","991","51203"
"9606.ENSP00000499238","9606.ENSP00000355922",944,"CENPF","NUSAP1","1063","51203"
"9606.ENSP00000499238","9606.ENSP00000313950",909,"AURKB","NUSAP1","9212","51203"
"9606.ENSP00000499238","9606.ENSP00000377793",936,"PRC1","NUSAP1","9055","51203"
"9606.ENSP00000499238","9606.ENSP00000341382",891,"SMC4","NUSAP1","10051","51203"
"9606.ENSP00000500990","9606.ENSP00000433560",863,"CRYAB","SNCA","1410","6622"
"9606.ENSP00000500990","9606.ENSP00000378487",979,"VDAC1","SNCA","7416","6622"
"9606.ENSP00000500990","9606.ENSP00000284440",957,"UCHL1","SNCA","7345","6622"
