"name","STRING_id","ENTREZID","GeneSymbol","logFC","FDR","Candidato"
"9890","9606.ENSP00000359204","9890","PLPPR4",-2.12922688805111,8.41567715859403e-49,TRUE
"8434","9606.ENSP00000367202","8434","RECK",-1.75205867280059,1.48734771804707e-48,TRUE
"55022","9606.ENSP00000283937","55022","PID1",-1.53188777776003,4.38067288735001e-31,TRUE
"10351","9606.ENSP00000467271","10351","ABCA8",-2.44444747937571,2.05754504371824e-29,TRUE
"1756","9606.ENSP00000354923","1756","DMD",-1.26348142594436,1.2829113898501e-28,TRUE
"5121","9606.ENSP00000329403","5121","PCP4",-4.07828940693974,6.15479555221146e-28,TRUE
"1674","9606.ENSP00000363071","1674","DES",-4.00018971146175,2.32384926083762e-25,TRUE
"54360","9606.ENSP00000303550","54360","CYTL1",-1.0160861640662,5.39931462397513e-23,TRUE
"79776","9606.ENSP00000498627","79776","ZFHX4",-1.05635385209596,8.58633630931677e-22,TRUE
"10398","9606.ENSP00000279022","10398","MYL9",-2.94443379502358,1.49617620362163e-20,TRUE
"983","9606.ENSP00000378699","983","CDK1",1.47547252772396,1.28736784737497e-17,TRUE
"4660","9606.ENSP00000375821","4660","PPP1R12B",-1.07960915462686,1.0551260191386e-15,TRUE
"10221","9606.ENSP00000312150","10221","TRIB1",1.32317383880658,3.55927190360239e-09,TRUE
"10562","9606.ENSP00000219022","10562","OLFM4",-1.26797127865101,1.30360255519453e-06,TRUE
