"logFC","AveExpr","t","P.Value","adj.P.Val","B","EntrezID","GeneSymbol"
-1.83934885190359,7.307924173687,-18.5105057164587,1.86190609774187e-49,1.60440448442417e-45,101.418951402853,"8434","RECK"
-2.12772523106225,6.56645957362814,-17.5053420586607,6.15120672944107e-46,2.65024741937969e-42,93.4694770621268,"9890","PLPPR4"
-1.1284113292241,6.46555978402794,-13.8178853888403,5.63089382563753e-33,1.61738040318395e-29,64.1420928508463,"79776","ZFHX4"
-1.33367656394945,6.4199893131755,-13.2734828496519,4.38870816331931e-31,9.45437456083062e-28,59.858125131982,"1756","DMD"
-2.42975216618511,7.19864294987261,-13.0851545346297,1.96619440243191e-30,2.8237828609593e-27,58.3831986717247,"10351","ABCA8"
-1.48680072454276,6.74201423165259,-12.4200314219687,3.78447323760431e-28,4.07635073605454e-25,53.2099843713632,"55022","PID1"
-4.11986848305414,7.67167790521286,-12.2176670579862,1.85110277530633e-27,1.59509526148147e-24,51.6487906357697,"5121","PCP4"
-2.79465774064311,7.41977978007602,-12.1993259628397,2.13684205379332e-27,1.67392436159428e-24,51.5076215266761,"25802","LMOD1"
-1.13409533053639,6.73266251837575,-12.0036637414928,9.84639415601687e-27,7.07053153686645e-24,50.0051992482091,"4306","NR3C2"
-3.0382155365424,7.9253821239663,-11.8796471053186,2.58402220836404e-26,1.59046566924807e-23,49.0564280102028,"8406","SRPX"
-1.6054554902326,7.21916585109621,-11.8488804166851,3.28138871139607e-26,1.88504843507333e-23,48.8214903496206,"10826","FAXDC2"
-2.13476382061388,7.31926641561919,-11.5127100419298,4.41153032922527e-25,2.00074509720706e-22,46.2664400851833,"9353","SLIT2"
-1.48505276552078,7.09172652115448,-11.4591220446829,6.66137513940635e-25,2.87005347881323e-22,45.8612676849389,"58494","JAM2"
-3.98255650119757,7.67053874203713,-11.3849771404299,1.17694813597906e-24,4.82941051796741e-22,45.3016757197558,"1674","DES"
-3.98442180106988,7.87009706923633,-11.3611363075356,1.41296450163516e-24,5.53432505026827e-22,45.1219950573575,"1264","CNN1"
-1.01025577615363,6.42063219635275,-10.900677402089,4.7000991376806e-23,1.39657773342737e-20,41.677158524396,"23017","FAIM2"
-2.20015686392737,7.05065348881183,-10.8677734425653,6.02590456014399e-23,1.67500708370196e-20,41.4329439532114,"1805","DPT"
-2.86400259601077,10.0902738888428,-10.6796973480024,2.48061163011739e-22,5.77714335587069e-20,40.0423530007891,"1675","CFD"
-1.86281409395677,7.89210747900832,-10.6701443138715,2.66481277273844e-22,6.04281359544398e-20,39.9719667396472,"56944","OLFML3"
-1.15097824252935,6.4776846091939,-10.6580757550949,2.91709812281542e-22,6.4452909036668e-20,39.8830809582721,"862","RUNX1T1"
-1.77226927085982,7.21603135520392,-10.6266545605526,3.69106095214689e-22,7.95146805616244e-20,39.6518444183851,"85458","DIXDC1"
-1.10226226619045,6.79770654801876,-10.5860972193229,4.99916855286435e-22,1.04924040166223e-19,39.3537660048358,"5915","RARB"
-1.49702349490264,7.41606875360495,-10.5621723582417,5.97757334824481e-22,1.19787789632152e-19,39.1781385537911,"10516","FBLN5"
-1.70894342471267,6.8621975484263,-10.4719701456627,1.17107702234022e-21,2.19373276119689e-19,38.5174007288677,"158471","PRUNE2"
-1.39892604493529,7.0878363491453,-10.4672395405979,1.21304095580465e-21,2.22399445024865e-19,38.482811198081,"8324","FZD7"
-2.46116766155257,7.06651228312603,-10.4581347572345,1.29806315815808e-21,2.28273678241799e-19,38.4162559685296,"845","CASQ2"
-1.97729958974458,7.23616473587111,-10.399998177949,1.99947016874296e-21,3.37832047922707e-19,37.9918346247592,"7123","CLEC3B"
-1.19765540171039,6.72419791279456,-10.3346362619606,3.24604553675864e-21,5.22820236352168e-19,37.5158188620941,"7373","COL14A1"
-3.16885635210952,8.41812869706503,-10.326384180615,3.45052551644333e-21,5.40603243185312e-19,37.4558086450452,"23336","SYNM"
-3.45928277909546,7.82684466098587,-10.3022751255015,4.12427342968789e-21,6.12095065874439e-19,37.280598121363,"70","ACTC1"
-1.6470716960412,7.31756828803393,-10.3001055167878,4.19097236701774e-21,6.12095065874439e-19,37.2648390050449,"57088","PLSCR4"
-2.00554587828585,7.66669859281587,-10.1680556957385,1.10979093904095e-20,1.5305562286354e-18,36.3083098941871,"2294","FOXF1"
-1.98090957504024,7.637068277302,-10.1016874418229,1.80696791204197e-20,2.35918825728268e-18,35.8295411976137,"26002","MOXD1"
-1.78899066671258,8.79951945960879,-10.0525345364583,2.59041124091907e-20,3.14388361450699e-18,35.4758335161196,"25891","PAMR1"
-1.96589285241007,7.4976813727046,-10.0405571137967,2.8277129090914e-20,3.33786330652611e-18,35.3897568486634,"9452","ITM2A"
-1.76066658241213,7.10726999863221,-10.0140283317699,3.43305118853561e-20,3.93190890302141e-18,35.1992654641811,"7111","TMOD1"
-1.40977873837757,7.03635996144652,-10.0126480388317,3.4678551308997e-20,3.93190890302141e-18,35.1893602380479,"219","ALDH1B1"
-1.85280070092462,8.93281133602255,-9.95135987969345,5.42389925655838e-20,5.99201793509789e-18,34.7501524740386,"25959","KANK2"
-1.54562183199972,8.00922690827796,-9.93293805820861,6.20295339922966e-20,6.70804868497027e-18,34.6183701856729,"25960","ADGRA2"
-1.03453947930889,6.54796905873461,-9.93239055871243,6.22773465008265e-20,6.70804868497027e-18,34.614455257253,"4684","NCAM1"
-2.89535546717409,9.00833693683924,-9.89609358339275,8.11025377251771e-20,8.42000683828737e-18,34.3551265332319,"10398","MYL9"
-1.59656551031418,7.75722119608455,-9.75858568225544,2.19739252049348e-19,2.08076168671344e-17,33.3765781838793,"6358","CCL14"
-1.73454106666993,6.89938761329226,-9.75296161861269,2.28852128475265e-19,2.14349868594713e-17,33.3366886991584,"8630","HSD17B6"
-1.30898195327806,7.01015498960596,-9.74457064043162,2.43150915064197e-19,2.25293702699805e-17,33.2771941442091,"6622","SNCA"
-1.08890874097187,6.48733269962283,-9.72375980557386,2.82560783812004e-19,2.56297502537688e-17,33.1297410047501,"29091","STXBP6"
-1.2911404701297,7.16534178017967,-9.63383865864711,5.39840010247295e-19,4.84562642531348e-17,32.4942989911344,"283298","OLFML1"
-1.36733127066139,6.96704355620651,-9.59503821844971,7.13204172053667e-19,6.2711023985576e-17,32.2209647312836,"54796","BNC2"
-1.18107469958782,7.09327422638359,-9.53747685462375,1.07703758251619e-18,9.18894341439806e-17,31.8164302493622,"6943","TCF21"
-1.03655264883272,6.62995350767425,-9.49833231968404,1.42457774419419e-18,1.16910346873537e-16,31.5419912692634,"273","AMPH"
-1.96419842948457,6.74411793510266,-9.45925661243667,1.8823288134577e-18,1.53019126278915e-16,31.2685766161149,"140597","TCEAL2"
-1.88978321759799,7.18275233049128,-9.39341127492191,3.00658815795733e-18,2.3552518324653e-16,30.8090913411302,"65055","REEP1"
-2.10393195349273,7.35258393198349,-9.37918150499772,3.32611714238187e-18,2.57564855605457e-16,30.7099984034389,"53826","FXYD6"
-1.8929838884165,7.33773502581291,-9.36518979457579,3.67313170798541e-18,2.77643648488687e-16,30.6126351308218,"11170","FAM107A"
-2.05146088823985,8.63697717213073,-9.36324728740307,3.72406820536385e-18,2.79046049788003e-16,30.5991235694655,"83700","JAM3"
-1.26484342703813,6.86651190751614,-9.33291139581969,4.61686609153907e-18,3.40030214622155e-16,30.3882944373896,"10439","OLFM1"
-1.86103726638856,11.1337532813893,-9.32058579117894,5.0376284231471e-18,3.63675269567238e-16,30.3027302071302,"1465","CSRP1"
-1.49329855342941,6.66605872653932,-9.28056773761406,6.68410270405023e-18,4.7210584426886e-16,30.0253122563476,"2690","GHR"
-2.59271477038377,7.72112720104523,-9.21456360886784,1.06427434309928e-17,7.22114331849333e-16,29.5690545614056,"2273","FHL1"
-1.05377999684595,6.56236927177632,-9.19091565946428,1.25677931699976e-17,8.33051336506684e-16,29.4059854150618,"4653","MYOC"
-1.37722852673654,7.39685864867567,-9.18733591205128,1.28878755911668e-17,8.47746747855605e-16,29.381319010825,"57161","PELI2"
-1.77993764773028,7.11623784964544,-9.16594499394365,1.49763004181362e-17,9.63065527634924e-16,29.2340254674965,"8436","CAVIN2"
-1.32391551657773,8.01822604003399,-9.15770984758392,1.58669877046069e-17,1.01278394852295e-15,29.1773663844713,"11343","MGLL"
-1.55224088895142,7.49779323347983,-9.14994172633715,1.67552679560334e-17,1.06161870571426e-15,29.1239442493832,"55084","SOBP"
-2.02179837303991,8.13396711345374,-9.10871770539053,2.23629135673444e-17,1.38633975690508e-15,28.8408299030096,"8470","SORBS2"
-1.09652338677113,6.92168404663547,-9.08977767716187,2.55292331057178e-17,1.57132429765693e-15,28.7109749876503,"185","AGTR1"
-1.93468750782744,8.7364784033565,-9.08012544479755,2.73100732474252e-17,1.63424236925738e-15,28.6448516654983,"25999","CLIP3"
-1.19264730154732,7.13027849367552,-9.03087164925283,3.85050919837509e-17,2.22522639612173e-15,28.307999892293,"596","BCL2"
-3.49105792614735,10.3525062355582,-9.03001502980688,3.87355180942625e-17,2.22522639612173e-15,28.3021497774482,"72","ACTG2"
-2.36674552500169,9.62237972803291,-8.99616125867704,4.90247444242968e-17,2.77925146515898e-15,28.0711832045916,"8404","SPARCL1"
-1.77536913782547,9.38630556498187,-8.98183053115192,5.41582241854953e-17,3.05020534513995e-15,27.9735484342086,"83716","CRISPLD2"
-2.20702242059927,8.53739228372546,-8.93034567905451,7.7402274598099e-17,4.16859625132387e-15,27.623457298436,"1634","DCN"
-2.33657391907797,7.26515005243166,-8.89664696664505,9.77281208717585e-17,5.23057899100586e-15,27.3948843553436,"730","C7"
-2.38392968174274,7.97690526485801,-8.8760088532348,1.12704460998103e-16,5.92179475866252e-15,27.2551254178969,"1410","CRYAB"
-2.49774228721836,8.88397202228239,-8.87105569765357,1.16624912500358e-16,6.09064770312473e-15,27.2216088736781,"4239","MFAP4"
-1.65226260437528,7.03747085808721,-8.82167302215895,1.63913125178902e-16,8.25987953021402e-15,26.8879967855698,"10580","SORBS1"
-1.70881366707812,8.17901939471822,-8.80419886936605,1.84849729730227e-16,9.20722613344142e-15,26.770186380485,"7025","NR2F1"
-1.70271749751009,8.95600093997174,-8.78844243296176,2.05989979970639e-16,9.91628858886591e-15,26.664064443574,"439921","MXRA7"
-1.10536705459238,11.9695969705964,-8.69057896395198,4.02668026783174e-16,1.83586792951884e-14,26.007246108792,"4026","LPP"
-1.20883475231154,7.1583534941868,-8.6715308881457,4.58572096421966e-16,2.05808112232713e-14,25.8798695750665,"7102","TSPAN7"
-2.00618452471177,7.44475391292139,-8.62566277833875,6.26752752500332e-16,2.72764064055321e-14,25.5737746446337,"5023","P2RX1"
-1.95486366852105,7.12821013474113,-8.6234377000643,6.36310127155549e-16,2.75531877673335e-14,25.5589486160265,"216","ALDH1A1"
-2.16105306338828,7.76218362343182,-8.59201845287668,7.87735869833729e-16,3.3438029509149e-14,25.3498233517549,"27295","PDLIM3"
-1.09325751410375,8.99614495299198,-8.58363689799729,8.33839272563063e-16,3.48795777265821e-14,25.2941075325949,"26137","ZBTB20"
-1.05028674751766,6.51579283239635,-8.56561515829512,9.42218123465931e-16,3.88473376550523e-14,25.1744115822427,"59353","TMEM35A"
-1.51567467959152,8.41505183202342,-8.53763625156914,1.13873598411026e-15,4.58527475470941e-14,24.9888604041435,"219654","ZCCHC24"
-1.75760078767312,7.96247882164795,-8.52515342968891,1.2390301405017e-15,4.96591754451307e-14,24.906185974003,"5156","PDGFRA"
-2.54714986903461,11.3675546457706,-8.51200184233837,1.35417060938308e-15,5.36497151680351e-14,24.819155582597,"6876","TAGLN"
-2.21950957458575,7.40909509462798,-8.51166280336352,1.35727491083111e-15,5.36497151680351e-14,24.8169129945924,"126393","HSPB6"
-1.03685252361943,6.37101773054383,-8.50523001873464,1.41752853031692e-15,5.57755403915108e-14,24.7743725626425,"653","BMP5"
-1.60890022178219,7.17161204337506,-8.47811842646765,1.70196657308585e-15,6.54725266083964e-14,24.5952805946648,"81035","COLEC12"
-1.77665742219373,6.73752376871588,-8.47408031079161,1.74891335386648e-15,6.69794949789665e-14,24.568633439084,"8076","MFAP5"
-2.15572857118098,8.39267871045336,-8.46118545066202,1.90758425802802e-15,7.20949717167871e-14,24.4835894201438,"10418","SPON1"
-2.35134344703731,10.7320823553884,-8.42386459639025,2.45168645369503e-15,9.02828297926928e-14,24.2378646787958,"7169","TPM2"
-1.22088484543421,7.24802015165938,-8.42231203267729,2.47738151202443e-15,9.08408361238915e-14,24.2276557772165,"10267","RAMP1"
-1.09162949126365,7.24587081736619,-8.41434415945016,2.61350635766013e-15,9.50235623795668e-14,24.1752797654308,"6649","SOD3"
-1.85518404330107,8.46177517463733,-8.40597486683147,2.76446832359733e-15,9.96712282194066e-14,24.1202954441635,"1346","COX7A1"
-1.06544977778544,7.17377130439644,-8.352678311393,3.95006592730827e-15,1.366976630346e-13,23.7708829045369,"4660","PPP1R12B"
-1.78290186195219,7.87124621789196,-8.33721803711081,4.37988716188015e-15,1.49767808229846e-13,23.6697636801111,"51285","RASL12"
-1.68765097738003,7.65276169523616,-8.32137087118072,4.86851312047604e-15,1.63941843300739e-13,23.5662258426074,"79974","CPED1"
-1.56956755513611,7.59836483948823,-8.32130965547403,4.87050155332356e-15,1.63941843300739e-13,23.5658261083769,"10875","FGL2"
-1.03659989861303,6.30955522823567,-8.31647919213995,5.02996798484975e-15,1.68513267835064e-13,23.534288871166,"590","BCHE"
-1.27299527829629,7.46660107133638,-8.31407832449388,5.11113916331213e-15,1.70048981352358e-13,23.5186179627618,"56034","PDGFC"
-1.12493846523857,7.32761199155758,-8.30542408126636,5.41464021046681e-15,1.78749329113052e-13,23.4621517913616,"9413","ENTREP1"
-1.11519361694722,6.70739450231707,-8.30486427060464,5.43487573721942e-15,1.78749329113052e-13,23.4585003753648,"116039","OSR2"
-2.27072785843945,11.7626143898351,-8.29519679314561,5.79637383622499e-15,1.89194520252844e-13,23.3954658210721,"59","ACTA2"
-1.17580053124493,6.64690473077881,-8.25758142764907,7.44389155183422e-15,2.35823579052042e-13,23.1506085387019,"2205","FCER1A"
-1.35990762829186,8.2723964710105,-8.24248143284095,8.22877918091079e-15,2.57845055279666e-13,23.0524970836695,"10319","LAMC3"
-2.43990921147689,8.2053022441884,-8.22695196599415,9.12141949080378e-15,2.80711684829486e-13,22.9517043719347,"5742","PTGS1"
-1.80176213754692,8.3629871087644,-8.22263758250349,9.38598922738676e-15,2.86805209831176e-13,22.9237219261582,"4131","MAP1B"
-1.01148374998785,6.97023366613222,-8.16625937425437,1.36273053414376e-14,3.99409830364517e-13,22.5588524730034,"10742","RAI2"
-1.70549351593797,7.92398248081195,-8.14930193280584,1.52402502527558e-14,4.42172513225578e-13,22.4493959524871,"79901","CYBRD1"
-1.19629270196476,7.04588275360698,-8.12783267678211,1.75556983679985e-14,4.97623200121853e-13,22.3110094871036,"27129","HSPB7"
-1.11865623478785,7.77506273225359,-8.1202528844894,1.84536708680519e-14,5.21361579901651e-13,22.2622032937545,"81563","C1orf21"
-1.1725253224144,7.57515329956955,-8.11905758173918,1.85993664178402e-14,5.23760589616109e-13,22.2545092164951,"7145","TNS1"
-1.11476899883961,6.82789784148589,-8.09647630127553,2.15757839278585e-14,6.01362507066954e-13,22.1092814740941,"10659","CELF2"
-1.64384761897044,11.4245157491349,-8.09507323223634,2.17755381591486e-14,6.03343447965864e-13,22.1002657993878,"2","A2M"
-1.75300754915957,9.20836643971987,-8.07328573233682,2.51227838623839e-14,6.84449401519197e-13,21.960385667476,"2316","FLNA"
-1.14980292032889,7.32168206095838,-8.05716263474466,2.79228801239139e-14,7.49568405070922e-13,21.8570169328675,"83468","GLT8D2"
-2.07241556016431,9.32216599605679,-8.05597772839712,2.81404364920725e-14,7.50952016709319e-13,21.8494251068338,"7168","TPM1"
-1.37785421431029,7.52333271564733,-8.01456905610301,3.6893003355245e-14,9.72192690862832e-13,21.584535490496,"25932","CLIC4"
-1.13795023413406,6.90146371519379,-7.91068760222846,7.25191881135067e-14,1.81129809847562e-12,20.9236391928175,"23768","FLRT2"
-1.23931614591328,7.46713915076622,-7.90621823562283,7.46501592376271e-14,1.85913416806541e-12,20.8953224806035,"9200","HACD1"
-1.43719929303801,9.78637980499943,-7.87474045081824,9.15162956196497e-14,2.24671202095305e-12,20.6961645372437,"23048","FNBP1"
-1.922206118069,7.49475572845205,-7.87126270907164,9.35965547229986e-14,2.29125429559113e-12,20.6741909040484,"5740","PTGIS"
-1.00466051687052,6.17713805945061,-7.86679729063056,9.63362686988339e-14,2.34499894739506e-12,20.6459854919305,"4969","OGN"
-1.1390440818028,7.15134111756241,-7.84376764352483,1.11774976893075e-13,2.67422907478389e-12,20.5006767737012,"9843","HEPH"
-1.38328753680318,8.8513641817534,-7.81272928256988,1.36512414446149e-13,3.22281500077388e-12,20.3052507833746,"8425","LTBP4"
-1.28569538630137,7.11444878157898,-7.79080334531239,1.57175788268955e-13,3.69041898505065e-12,20.1674874428789,"4130","MAP1A"
-1.14542368945094,7.2043138990733,-7.77832110200646,1.702897065117e-13,3.96590919192249e-12,20.0891670395288,"7220","TRPC1"
-1.09450000876382,6.60921385829808,-7.76494035806566,1.85549385402049e-13,4.27507768451726e-12,20.0052954576229,"2824","GPM6B"
-1.76992488889824,8.52117401209616,-7.74689492357295,2.08287563989061e-13,4.75944816201527e-12,19.8923273419841,"6525","SMTN"
-1.56298801885803,6.77814087175269,-7.74380539035757,2.12447531414778e-13,4.81752731105565e-12,19.8730026289696,"26577","PCOLCE2"
-1.09257544407994,7.58827106576757,-7.73204946699421,2.29040543975954e-13,5.16660305612774e-12,19.7995144468713,"80310","PDGFD"
-1.47765144033814,8.54608539239563,-7.69707876195531,2.86347680744792e-13,6.27851899485464e-12,19.581319251491,"58189","WFDC1"
-1.15705392519015,9.50364733524813,-7.68301945661607,3.13190730813482e-13,6.84965616096389e-12,19.49377260141,"23492","CBX7"
-1.0667144387381,7.46387424538388,-7.68176888142703,3.15695463785584e-13,6.88695648465918e-12,19.4859901899351,"10231","RCAN2"
-2.32085111311673,7.9888009846763,-7.61747307072759,4.74975546833085e-13,1.00809465198539e-11,19.0869485129298,"4638","MYLK"
-1.06170900282813,6.93869600969308,-7.61049873836955,4.96432771754996e-13,1.04335638883239e-11,19.043790802489,"10894","LYVE1"
-1.24317871361272,7.73538886419939,-7.60855479941619,5.0258220142552e-13,1.04860794907596e-11,19.0317660184543,"51715","RAB23"
-1.10548994838726,7.92806085410427,-7.60232114988313,5.22813406948723e-13,1.0881843303568e-11,18.9932191459275,"2054","STX2"
-1.13467784565566,8.23364610697229,-7.5758274275817,6.18154300610339e-13,1.26640414524599e-11,18.8296143010857,"4211","MEIS1"
-1.0756978472007,7.84717298283129,-7.5623057305234,6.73235722020042e-13,1.36500522744628e-11,18.7462547109934,"10763","NES"
-1.16353431270216,8.25876154675355,-7.55684555941333,6.9682703717276e-13,1.40952079326706e-11,18.7126203201307,"9079","LDB2"
-2.61236870434601,9.28683408372887,-7.55315704790197,7.13223663212094e-13,1.43930873674441e-11,18.6899080329554,"4629","MYH11"
-1.71948035822804,8.78655643560001,-7.5519541560816,7.18652821880101e-13,1.44687648741608e-11,18.6825026654086,"10979","FERMT2"
-1.14177119586111,9.1453514568566,-7.5490931484366,7.31730215457545e-13,1.46977139081531e-11,18.6648924564635,"23179","RGL1"
-1.07913128038243,6.4298450818134,-7.52841323499672,8.33503163994759e-13,1.65490708851218e-11,18.5377292524068,"3899","AFF3"
-1.00096844570689,6.8030509550922,-7.5159881389349,9.01243805598207e-13,1.78119675982563e-11,18.4614332192709,"7275","TUB"
-1.34706202255723,8.43778432130096,-7.46123730723692,1.27047529914391e-12,2.44367983319711e-11,18.1262014662574,"4212","MEIS2"
-1.37348898975445,7.22154431989988,-7.40695721521202,1.78297026445396e-12,3.34724504766879e-11,17.7954147568207,"8483","CILP"
-1.37612395575601,8.10102237466595,-7.40567931230978,1.79721924382008e-12,3.36666048347774e-11,17.7876459909823,"4921","DDR2"
-1.42974457979274,8.09783664057515,-7.40017721351676,1.85986325646573e-12,3.45397450020801e-11,17.7542069816144,"7041","TGFB1I1"
-2.44412395945874,8.71061508408336,-7.347993752184,2.57196325532679e-12,4.65600995192247e-11,17.4378671933545,"2318","FLNC"
-1.31151825845957,8.60677515487958,-7.32652815613936,2.93761993236675e-12,5.23005598289344e-11,17.3081660164658,"2791","GNG11"
-1.39287587519911,8.00912983275299,-7.30368868950569,3.38302635231439e-12,5.93717679794156e-11,17.170436867945,"8516","ITGA8"
-1.43751887666755,8.23550672207353,-7.2957224438792,3.55354302951341e-12,6.19855876220992e-11,17.1224643902618,"857","CAV1"
-1.23551888069439,6.66400537139032,-7.26035658130506,4.41870288772397e-12,7.55475452053918e-11,16.9099089701925,"11341","SCRG1"
-1.28851420815749,7.40963939227409,-7.25886980732414,4.45930137705837e-12,7.60906930022019e-11,16.9009881162419,"8522","GAS7"
-2.05792144732178,8.80627253921054,-7.24586290236752,4.83051954933207e-12,8.14571173318874e-11,16.8229963739961,"5997","RGS2"
-1.13459660287176,8.66125538453234,-7.23334195187101,5.21658504120281e-12,8.71149482559004e-11,16.7480059928211,"8082","SSPN"
-1.16580879385479,9.107098984292,-7.17965557748461,7.2468502405874e-12,1.18493564560041e-10,16.4274451181967,"10252","SPRY1"
-1.22739258653297,7.89506696414904,-7.17723695732742,7.35470071638832e-12,1.20029272865754e-10,16.4130410023525,"1363","CPE"
-1.57667009109816,8.41879673076719,-7.16983354471731,7.69475897282284e-12,1.24634845994012e-10,16.3689700413026,"274","BIN1"
-1.25508932073876,9.35338780493545,-7.16929523091475,7.72008083495811e-12,1.24810387532522e-10,16.3657667566652,"358","AQP1"
-1.63533952601555,7.42442788891133,-7.15582335027915,8.38122538169883e-12,1.34489793508564e-10,16.2856534725537,"3671","ISLR"
-1.46427334836742,8.64439635218171,-7.10765955989447,1.12340983625766e-11,1.73795737146001e-10,16.0000638490215,"9510","ADAMTS1"
-1.291160310104,7.77230183922669,-7.06923690602711,1.41788747623292e-11,2.1502482147294e-10,15.7731656680465,"26040","SETBP1"
-1.28777962547318,7.99337326566023,-7.05782950572085,1.51911577061137e-11,2.28427514800262e-10,15.7059611727109,"5168","ENPP2"
-1.27148290335987,7.97898213763346,-7.03965224412154,1.69531064196363e-11,2.52305557889475e-10,15.5990251601344,"10486","CAP2"
-1.50638689646642,8.6541653535926,-6.92608436641477,3.35124254481855e-11,4.6879313325814e-10,14.9351664673017,"217","ALDH2"
-1.12838079022383,6.6830892209148,-6.92550439009801,3.36286348826582e-11,4.69656315695082e-10,14.9317951913316,"90865","IL33"
-1.26020917628646,7.8598851815803,-6.90967374170076,3.6958359472434e-11,5.09584819781541e-10,14.8398500059055,"3708","ITPR1"
-1.25879524274934,8.32113374001518,-6.90697811658845,3.75568016037495e-11,5.16151450429839e-10,14.8242080997451,"114884","OSBPL10"
-1.1014887085946,7.63856640742975,-6.88701233748286,4.22962549852378e-11,5.73963510563456e-10,14.7084835377606,"9590","AKAP12"
-1.02586579811497,7.62134717027724,-6.88431714005542,4.29795385780941e-11,5.7867919363662e-10,14.6928794719654,"23208","SYT11"
-1.51802400003038,7.78717286867962,-6.88158169100718,4.36841308480042e-11,5.87248292538614e-10,14.677046674681,"2532","ACKR1"
-1.04243357190245,6.53490173366614,-6.87195932539548,4.62541375889234e-11,6.16319462492571e-10,14.621386874081,"9421","HAND1"
-1.72769370627757,8.951665908504,-6.82461544776752,6.12309684792341e-11,7.92233116194535e-10,14.3483152842286,"116496","NIBAN1"
-1.05598367784599,8.15361875441649,-6.82134610223285,6.24256425348296e-11,8.06479402882498e-10,14.3295065739026,"79971","WLS"
-1.26722413883997,7.73310137276974,-6.81156965888953,6.61365879745354e-11,8.46803831465931e-10,14.2732995676413,"55679","LIMS2"
-1.25948451665566,8.01478129959965,-6.80423534871516,6.90621909783764e-11,8.82950889704258e-10,14.2311697491313,"10186","LHFPL6"
-1.72996943630715,9.25445853696044,-6.79945590148607,7.10367943735895e-11,9.05508960232575e-10,14.2037325997002,"716","C1S"
-1.17454296342236,9.08432694824378,-6.78550297506033,7.71245354405305e-11,9.78766011621578e-10,14.1237105326074,"5066","PAM"
-1.50627409432729,7.63511071213574,-6.7806061947806,7.93803864869718e-11,1.00003039526058e-09,14.0956539546974,"7704","ZBTB16"
-1.96168413968558,8.60986264336904,-6.76984927127275,8.45661837328517e-11,1.05916686806102e-09,14.0340707595506,"347","APOD"
-1.1613944608962,6.94655943997253,-6.76357690851157,8.77423041818826e-11,1.09259455944405e-09,13.9981931200151,"9839","ZEB2"
-1.66968484184013,10.6549882732237,-6.76323467226965,8.79189361956774e-11,1.09321424703918e-09,13.9962362124652,"284119","CAVIN1"
-1.61714026909039,7.53293668925324,-6.75100137943887,9.44675450130379e-11,1.16455913501766e-09,13.9263317071898,"2202","EFEMP1"
-1.65750484197849,7.53234257213122,-6.75030081206286,9.48567510510651e-11,1.16768660543861e-09,13.9223311475458,"3779","KCNMB1"
-1.50536010704603,9.04614285126699,-6.7271437286707,1.08648081004465e-10,1.32234535877892e-09,13.790257397718,"710","SERPING1"
-1.35888500011542,9.66464977671671,-6.70041306544546,1.27029883156793e-10,1.52990009401934e-09,13.6381984682833,"1808","DPYSL2"
-1.45780193803868,8.76927949222057,-6.6882085278063,1.36408048341737e-10,1.63253910077882e-09,13.5689139155318,"5176","SERPINF1"
-1.69395756922983,8.5695120350566,-6.65720129366455,1.63403962830499e-10,1.934137290811e-09,13.3932882633413,"3489","IGFBP6"
-1.14299015933935,8.65904833051309,-6.6164095595997,2.07042601709795e-10,2.40119259614173e-09,13.1631229562243,"1902","LPAR1"
-1.17369140912672,9.28570222387615,-6.59806717060826,2.30221037363247e-10,2.64861772891735e-09,13.0599543121813,"6237","RRAS"
-1.00962505354347,6.99048645993757,-6.58889028865877,2.42755796928429e-10,2.78168444432483e-09,13.0084144802896,"64091","POPDC2"
-1.56595951064266,8.49231857579664,-6.57134642720056,2.68612761699865e-10,3.04319488403969e-09,12.9100257316881,"1307","COL16A1"
-1.16653441320281,7.68652501320502,-6.55426357331836,2.96382492420288e-10,3.32976262996822e-09,12.8144023161655,"57419","SLC24A3"
-1.02309641165807,6.59645628178346,-6.53539120926991,3.3034423279166e-10,3.67774709814694e-09,12.7089688448986,"6442","SGCA"
-1.71218849355767,9.45264449105275,-6.52440388980829,3.51846956846962e-10,3.88202974026924e-09,12.6476867240361,"23022","PALLD"
-1.20727242131028,7.02327565868906,-6.51492998724714,3.71486835224399e-10,4.06747402684707e-09,12.5949051065994,"8309","ACOX2"
-1.66424501602489,8.48440913274138,-6.51154125068763,3.78770018666199e-10,4.14195590208964e-09,12.5760389248662,"1292","COL6A2"
-1.01643407739167,7.5406171847094,-6.50058951429594,4.03279686578167e-10,4.38217031430525e-09,12.5151153169051,"51435","SCARA3"
-1.19376785738777,7.94528543936088,-6.48759824679033,4.34378035461244e-10,4.69052071625255e-09,12.4429415871238,"2995","GYPC"
-1.20091757815223,7.39407546813114,-6.47724824467916,4.60827965341266e-10,4.95131493434624e-09,12.3855159494531,"1909","EDNRA"
-1.01342234604395,6.92473396339567,-6.47622947078055,4.63515401254315e-10,4.97398781146754e-09,12.3798669860607,"5099","PCDH7"
-1.66874370255049,9.39951770912563,-6.46107804695671,5.05346963171231e-10,5.3627768246878e-09,12.2959300232632,"2878","GPX3"
-1.07987463847513,7.35716545921929,-6.39927273872591,7.17860831484445e-10,7.3378490924098e-09,11.9550103304093,"6387","CXCL12"
-1.17491701008171,9.78336993195594,-6.35904810615742,9.00988784934137e-10,9.06077975687776e-09,11.7344092035365,"6840","SVIL"
-1.18649072117042,7.442022808022,-6.29459098293322,1.29405006600524e-09,1.25572403364495e-08,11.3830311988703,"11117","EMILIN1"
-1.0352686873686,7.96423485473825,-6.2581701837841,1.58599892739219e-09,1.50181898432291e-08,11.1856508329249,"27115","PDE7B"
-1.08362504574034,8.42293378741897,-6.24418167907666,1.7145197055865e-09,1.61818360383777e-08,11.1100651896841,"1593","CYP27A1"
-1.15559133856721,7.3591392075075,-6.22080625010469,1.95241639002602e-09,1.8148837144395e-08,10.9840368333411,"1359","CPA3"
-1.72150019424614,8.72984667101589,-6.19284008480087,2.27976975286706e-09,2.08543269219273e-08,10.8337171511165,"4147","MATN2"
-1.03798224814963,8.18059798621229,-6.19084547579085,2.30507048827265e-09,2.10410936413617e-08,10.8230151932556,"283","ANG"
-1.09500216112492,8.86517801263752,-6.17902233867465,2.46078754509885e-09,2.23677281393637e-08,10.7596313672006,"55214","P3H2"
-1.0509189998927,7.53534491190054,-6.17404853944446,2.52933267783727e-09,2.29423786157092e-08,10.7329937180915,"8605","PLA2G4C"
-1.08466231267687,7.63681851580432,-6.12990632437162,3.22556271123111e-09,2.87135060771472e-08,10.4972855797748,"8854","ALDH1A2"
-1.18231948856475,9.66306864738058,-6.11736787418321,3.4554432273474e-09,3.06458120693136e-08,10.4305634580036,"2621","GAS6"
-1.0242654193562,8.40817994719369,-6.11298526909044,3.53951747396085e-09,3.1314191040165e-08,10.4072659259411,"6925","TCF4"
-1.32738988623967,7.97380815005303,-6.11051535135128,3.58777842854233e-09,3.16761134413414e-08,10.3941415645357,"8910","SGCE"
-1.23862084352931,8.72666527806427,-6.08788431827647,4.06105136550521e-09,3.56355189577987e-08,10.2740721879624,"4692","NDN"
-1.3187821132037,9.73858881454089,-6.05683341171536,4.81108948345763e-09,4.15819037903254e-08,10.1098745963388,"4781","NFIB"
-1.34844990035242,6.91617006938972,-6.02846390625356,5.61383738576189e-09,4.7990512651895e-08,9.9604080891996,"6456","SH3GL2"
-1.08362414406285,7.00044044173714,-5.97739885700735,7.40162887795809e-09,6.1150370125949e-08,9.6927031784572,"25890","ABI3BP"
-1.18530742023604,8.97500206798351,-5.96927583375,7.73321062787285e-09,6.36457268198475e-08,9.65027760445914,"104","ADARB1"
-1.99960236504947,7.99832065282314,-5.96817116769371,7.77941052634802e-09,6.39648668946e-08,9.64451144247476,"5239","PGM5"
-1.19252926756189,7.91675180534566,-5.95821500129533,8.20816680139007e-09,6.7233624836101e-08,9.59257851361945,"1009","CDH11"
-1.56932901573187,8.98408766310521,-5.95369201258251,8.41049888162444e-09,6.85854768851416e-08,9.56900761711856,"1809","DPYSL3"
-1.36714495788997,7.60074049284058,-5.93443017752172,9.32814827357954e-09,7.54423470248497e-08,9.46877957194056,"5178","PEG3"
-1.18460886755184,8.0684227850283,-5.90116718618261,1.11484635243118e-08,8.87858689362244e-08,9.29627908356492,"7043","TGFB3"
-1.01331287945632,10.1524775983851,-5.89033655222087,1.18128911539388e-08,9.37308315593836e-08,9.24027137647768,"6693","SPN"
-1.21201201332009,8.09459447797317,-5.88821524535946,1.19474860083102e-08,9.45117065502895e-08,9.22931080505586,"687","KLF9"
-1.49161292961257,8.70280958449576,-5.87903937291456,1.25471524057349e-08,9.86485513505632e-08,9.18193475786851,"894","CCND2"
-1.14034143369441,8.2711762139654,-5.80223112106325,1.88644443430271e-08,1.43346487569545e-07,8.78758648460738,"112464","CAVIN3"
-1.24228993650828,8.69497816362032,-5.80153987302532,1.89334711669141e-08,1.43744247617003e-07,8.78405557165049,"2014","EMP3"
-1.25500246968261,7.56535623404565,-5.76088229991925,2.34578641119131e-08,1.75313456246622e-07,8.57694616600619,"5166","PDK4"
-1.27209505626816,9.690096489588,-5.71256529318871,3.02177695156149e-08,2.18996232057236e-07,8.33228432521419,"7077","TIMP2"
-1.39279689409754,9.50214020259275,-5.70152462572886,3.20108922162319e-08,2.3082665960441e-07,8.27660216994775,"1152","CKB"
-1.33104387526785,8.0677658331167,-5.67142535810356,3.74430350190888e-08,2.63815725886744e-07,8.12522582112975,"3205","HOXA9"
-1.00764664878169,8.87459850235562,-5.66028526044045,3.96733944288865e-08,2.78619103336361e-07,8.06935779285535,"27122","DKK3"
-1.61047211297318,9.13196172519818,-5.65818434994985,4.01083023052925e-08,2.80758116137048e-07,8.05883123886124,"800","CALD1"
-1.32713794738332,7.8687343659003,-5.63117660705455,4.61305743571164e-08,3.17497731018588e-07,7.9237813104854,"11259","FILIP1L"
-1.25596466335409,8.77758439227685,-5.59331951870661,5.60779605609977e-08,3.79892913643174e-07,7.73533098929179,"25849","PARM1"
-1.41691636705856,9.55928197414413,-5.57803447141525,6.06615662068057e-08,4.08694852231466e-07,7.65952534262846,"1291","COL6A1"
-1.23685467340653,7.21722578429401,-5.5566394276541,6.76954983552724e-08,4.51495440655869e-07,7.55369108629863,"1545","CYP1B1"
-1.60819297997531,8.64833509717924,-5.54126464826323,7.32345666169431e-08,4.86555328094217e-07,7.47783469841985,"26353","HSPB8"
-1.29373397155209,7.72748061524493,-5.49794713216489,9.13220409435377e-08,5.96474620906131e-07,7.26500551090255,"8736","MYOM1"
-1.0646207141255,8.34986222617881,-5.49337230165315,9.34689101252625e-08,6.08784277059249e-07,7.24260532921104,"6586","SLIT3"
-1.00819678897954,7.79837569662372,-5.48616606535796,9.69506657889417e-08,6.29558317334823e-07,7.20735066331339,"5627","PROS1"
-1.72370563860244,9.78820227476738,-5.38550224399343,1.60996967029839e-07,1.00094578996835e-06,6.71872342967385,"4256","MGP"
-1.07055842699331,8.33667803636869,-5.38293044747339,1.63081837380721e-07,1.01244682471878e-06,6.70633423423807,"29995","LMCD1"
-1.56751774528452,7.91688731815468,-5.36979870342172,1.74143347148588e-07,1.07569406622178e-06,6.64314797053549,"12","SERPINA3"
-1.19461300532364,8.364094310091,-5.36597969285807,1.77494957001213e-07,1.09326236202963e-06,6.62479511740246,"2199","FBLN2"
-1.30069348909114,7.6299853899463,-5.35444737798583,1.88000962985355e-07,1.15138898226354e-06,6.56943816427738,"5730","PTGDS"
-1.06137845716426,8.67500197027859,-5.31690334903533,2.26562271117793e-07,1.35481408065373e-06,6.38988199430037,"32","ACACB"
-1.12055308973809,7.48070685798743,-5.16625293047715,4.74275937976103e-07,2.61976651124364e-06,5.67964431844862,"3371","TNC"
-1.105806884127,8.72115658846011,-5.15457273145118,5.01900545752995e-07,2.76090973746164e-06,5.62526960805083,"5919","RARRES2"
-1.02851620052095,10.2069950059203,-5.11066265712879,6.20401239114521e-07,3.34333800966218e-06,5.42175268328308,"7049","TGFBR3"
-1.34929728395904,8.98434809168416,-5.00686374745229,1.01838926934819e-06,5.22348829403174e-06,4.94632975937866,"165","AEBP1"
-1.20562543702698,10.8921705224102,-4.92549979727357,1.49378580918071e-06,7.33862731910498e-06,4.57928474101938,"7431","VIM"
-1.20594513911853,7.39608185497832,-4.88094235465406,1.83873939718789e-06,8.83681951230791e-06,4.38039083511146,"55885","LMO3"
-1.22687842348706,7.27832057530363,-4.85723854581052,2.05242337190908e-06,9.76572733061324e-06,4.27519492699138,"157869","SBSPON"
-1.55314257478213,9.48092886979236,-4.84249101597798,2.19726979995199e-06,1.03804133038302e-05,4.20996162674404,"4060","LUM"
-1.31114437471771,9.72559843216513,-4.80987642279503,2.55350241551557e-06,1.18745441524542e-05,4.06628414092749,"1958","EGR1"
-1.08227097889705,9.3047326983976,-4.72919602598982,3.6906387386862e-06,1.65378231987826e-05,3.71435668166047,"3678","ITGA5"
-1.07267835547984,7.15523691227958,-4.6637787710046,4.95764475344483e-06,2.16085102885352e-05,3.43268481404476,"6422","SFRP1"
-1.14631290393509,6.63615492834241,-4.61913884410127,6.05269671909962e-06,2.59870890027311e-05,3.24237890314272,"10562","OLFM4"
-1.0281861881647,8.62451718263781,-4.53874883548346,8.63789727211978e-06,3.5905818038522e-05,2.90358608114453,"8490","RGS5"
-1.05222845715236,10.2792269963696,-4.50032273484428,1.02210628982877e-05,4.18010911222332e-05,2.74343541772713,"1287","COL4A5"
-1.18610735985005,8.82557177904498,-4.3877655352355,1.66264934113136e-05,6.50638027816936e-05,2.28104355640451,"5270","SERPINE2"
-1.46672102840727,8.03862298375555,-4.37176801035314,1.78030513427026e-05,6.92590940948388e-05,2.21614246647333,"113146","AHNAK2"
-1.03853163794951,7.44033503735243,-4.29210556097989,2.49515783409476e-05,9.34816306799764e-05,1.8960073414986,"7345","UCHL1"
-1.04658410814035,8.77377564965058,-4.21517316015955,3.44090961207633e-05,0.000125159637514824,1.59169415455549,"6414","SELENOP"
-1.04576860201277,7.52501871828596,-4.14913134948899,4.51762182186731e-05,0.000159804381112605,1.33428910448783,"5996","RGS1"
-1.05418819673787,9.40478041604857,-4.05622302866169,6.58808980887839e-05,0.000224740973408967,0.978203168891991,"3485","IGFBP2"
-1.054025144106,10.5089731373822,-4.02791294821392,7.3808342689636e-05,0.000247798697279401,0.871110720314515,"1293","COL6A3"
-1.15368796792555,7.73828448587174,-3.99400603235829,8.4498430582704e-05,0.000279440155613643,0.743717553285824,"124","ADH1A"
-1.01965662722878,10.7746180013431,-3.96925345929452,9.32148117602507e-05,0.000305819914265449,0.651319789806105,"1278","COL1A2"
-1.1811068206151,9.8719315920377,-3.90427978077927,0.00012033909257083,0.000384202282579786,0.411205478520499,"7058","THBS2"
-1.17478553573404,9.53121274321609,-3.90402124197277,0.000120460654738945,0.000384447948846477,0.410257060515766,"3488","IGFBP5"
-1.53476742013096,9.8329297317262,-3.60803931031233,0.000369583115874657,0.00104863276572009,-0.638586664237322,"2167","FABP4"
-1.00782561748051,9.79989373780393,-3.58926242425199,0.000395887890352711,0.00111921455090857,-0.702612823039868,"5327","PLAT"
