"logFC","AveExpr","t","P.Value","adj.P.Val","B","Entrez_ID"
-2.14781832645893,6.75348413985064,-19.4921956110599,5.18455731847586e-56,4.46753304133065e-52,116.419504922661,"9890"
-1.62630464133087,7.35135267402097,-18.5752328774269,1.75030740309445e-52,7.54119944623242e-49,108.42282225145,"8434"
-2.61433238360968,7.44023057916146,-15.2070081271735,1.62426807217396e-39,4.66543932597434e-36,79.0023564820356,"10351"
-1.48556919492874,6.87551179595734,-14.8574263276924,3.49532519572397e-38,7.52980430288836e-35,75.9767027542514,"55022"
-3.98753723062249,7.80230588785989,-13.8559215988742,2.13943984021643e-34,3.68711062062899e-31,67.379793089492,"5121"
-1.32678044768575,6.89111884940606,-12.9286926858073,6.03396155521285e-31,6.49933084015864e-28,59.5472992899076,"7373"
-2.21287808295527,7.19740342840714,-12.8212335947337,1.50027307997668e-30,1.33779359824162e-27,58.6494217785828,"1805"
-1.05167607703502,6.53231090198726,-12.7334405252553,3.1521521073413e-30,2.46928133717818e-27,57.9175614320099,"23017"
-1.82616840772199,7.36314535327678,-12.5994680381144,9.75724343334256e-30,7.0065138887594e-27,56.8037759511959,"85458"
-1.88275001480208,7.9991241222982,-12.5659488257727,1.29374124259334e-29,8.57551406725138e-27,56.5257002182228,"56944"
-1.05925673043728,6.71972208787039,-12.5428936941631,1.5705753920376e-29,9.66689153799143e-27,56.3345735433234,"54360"
-2.21667561034453,7.76516199200069,-12.5281928787231,1.77717119815683e-29,1.02092561430116e-26,56.212763529122,"26002"
-1.1116041837321,6.55066059016509,-12.5158263366267,1.97179611008173e-29,1.05999941834581e-26,56.1103312098929,"1756"
-3.79705005323445,7.71309437029041,-12.5088275100655,2.09121389252393e-29,1.05999941834581e-26,56.0523744323262,"1674"
-3.7890538046959,7.90811293664324,-12.4436838641701,3.61297001031457e-29,1.72960903216004e-26,55.5134363484252,"1264"
-2.44400625277288,7.48156873782036,-12.4225080511896,4.31487976392347e-29,1.95691152240676e-26,55.3384480555059,"25802"
-2.07357529827084,7.63242791150292,-12.3321155490632,9.19630222085644e-29,3.962226811856e-26,54.5926065671469,"9452"
-1.42282553144811,7.20292313286682,-12.3066874181916,1.13741579620572e-28,4.66719615043082e-26,54.3831281005859,"58494"
-1.48364998604063,7.49275696047099,-12.282883922569,1.38761698086201e-28,5.43504342003996e-26,54.1871675071333,"10516"
-1.02543703744096,6.93447345306887,-12.2597937407253,1.68258989226199e-28,6.30385960940067e-26,53.9972038528381,"4306"
-1.74306759145207,7.53690958806891,-12.2302492758416,2.15281885084948e-28,7.72951668240414e-26,53.7543208127487,"57088"
-2.07942670236998,7.38010146026747,-12.1263890091231,5.11153396630278e-28,1.76184352750524e-25,52.9021203690699,"9353"
-1.9592787257965,7.38938705446294,-12.074780588507,7.84774459525268e-28,2.60092366066509e-25,52.4796177477741,"7123"
-1.50154562930871,7.05417338106368,-12.0597431063738,8.89087943535194e-28,2.83750770720103e-25,52.3566318117768,"10439"
1.51019331472944,9.04015284274508,12.0053289234539,1.39595172900459e-27,4.29604144601162e-25,51.9120611583108,"51599"
-1.39107471814473,7.30291605069136,-11.8689383820559,4.31082068926911e-27,1.1982690928849e-24,50.8009748566308,"283298"
-2.85263906152345,10.266250717994,-11.8560944789864,4.79257540546948e-27,1.29055069590408e-24,50.6965866601784,"1675"
-1.03191133135356,6.67062015660997,-11.7890186574073,8.32811240408375e-27,2.17464680563605e-24,50.1521226573317,"79776"
-2.10811015902001,7.49110841140087,-11.7759163231662,9.27606597616185e-27,2.28558585154999e-24,50.0459056900798,"11170"
-1.47971494880342,7.30375471213454,-11.775819565691,9.28345187469531e-27,2.28558585154999e-24,50.0451214713245,"10826"
2.35006482150546,9.29673415129806,11.6828537420148,1.99219458954903e-26,4.76853910504e-24,49.2927758429264,"51203"
-3.09548415933308,8.51134297690831,-11.657527705458,2.45188861681931e-26,5.71024978679243e-24,49.0882187266279,"23336"
-1.86535510129039,9.05689476439016,-11.6360739992036,2.92297095202301e-26,6.62822123515322e-24,48.9150734714502,"25959"
1.23743250694359,12.7678631842321,11.6238069095157,3.23177951753698e-26,7.14057541092722e-24,48.8161261499273,"4282"
-1.02322391698279,6.92344342049469,-11.5834411405296,4.49616655072992e-26,9.68586679190992e-24,48.4908220227488,"3820"
-1.65607438961525,7.85438284604274,-11.4275555312755,1.60250998401726e-25,3.2113554726225e-23,47.2387904373424,"6358"
2.71550246164049,9.75907208118205,11.3437072619528,3.16563720442718e-25,6.0618435090109e-23,46.5681892084275,"991"
-1.33247437478277,7.22758656424627,-11.3400282034038,3.26147421262589e-25,6.10959201960811e-23,46.5388113098816,"8324"
-1.54824897230529,8.11800560745452,-11.2755719420158,5.49626324850982e-25,1.00768724281721e-22,46.0247582930072,"25960"
-2.3919488971854,7.38534421222743,-11.2376280118168,7.46872737637203e-25,1.34079216254579e-22,45.7227187591731,"216"
1.07813761950384,12.0782018842645,11.2243170879743,8.31615952844188e-25,1.46245605421599e-22,45.6168630339427,"26472"
-1.93454383549775,7.8235471802972,-11.1266140062756,1.82737181420672e-24,3.09295056646358e-22,44.8415032606332,"2294"
-1.02043175760876,6.6925820426263,-11.1263963898162,1.83057304038114e-24,3.09295056646358e-22,44.8397795089723,"4684"
-2.11915333787249,8.75017519308182,-11.1139139302653,2.02384938678672e-24,3.24193472204196e-22,44.7409294758342,"83700"
-1.92888583549758,8.4134903527115,-11.1134373955355,2.03161744215233e-24,3.24193472204196e-22,44.737156686092,"7025"
-1.78488840011146,8.87597746945335,-11.039741123,3.67094600735102e-24,5.54956872725328e-22,44.1545340069269,"25891"
-1.04092582703586,6.93272122443377,-11.0240996675136,4.16118859645354e-24,6.18223485097244e-22,44.0310932528816,"5915"
-1.55972330979793,6.86363737215185,-10.987166155633,5.59283607310492e-24,8.03224474032418e-22,43.7399212196392,"2690"
-3.21576095856284,7.84310200352879,-10.9329033243783,8.62905978028573e-24,1.21896078896266e-21,43.3129097441295,"70"
-1.32994088405607,7.16316725765729,-10.877286669808,1.34454221124306e-23,1.83903495782245e-21,42.8762174635905,"6622"
-2.22254159063535,7.13700425763818,-10.8536045695018,1.62352872588506e-23,2.18592922358618e-21,42.6905716115656,"845"
-2.55349548998045,8.64417994894526,-10.8400684855681,1.80812538249554e-23,2.39701791091755e-21,42.5845427080895,"1634"
-2.46692835975108,7.35214472168791,-10.8343090612549,1.89286733986241e-23,2.47133907084764e-21,42.5394468545166,"730"
1.05198902350825,9.31267714881594,10.8141860642748,2.22117892377219e-23,2.85670131136492e-21,42.3819701063894,"2932"
-2.06311828800191,8.84973732268607,-10.772120573167,3.10174993048716e-23,3.93055575750115e-21,42.0532056836698,"25999"
-2.88710885597962,8.35744539644585,-10.7596875017049,3.42312325398268e-23,4.27493522892301e-21,41.9561459816015,"8406"
-1.00726296071849,6.60528532565801,-10.7540064707444,3.58079104746267e-23,4.40795377942655e-21,41.9118135851397,"862"
-1.89888046954632,7.80822927535716,-10.6993629013668,5.51885491780621e-23,6.69802434179382e-21,41.4859452205938,"79974"
-2.53374369989742,8.10110790384608,-10.6906299369417,5.91335595753359e-23,7.07713726195374e-21,41.4179766073167,"1410"
-2.70461130819265,9.0390871769857,-10.6213460550174,1.02171953593197e-22,1.20604893714052e-20,40.8796508154423,"10398"
1.03897619199281,13.2460127130718,10.60851264832,1.13043700221865e-22,1.3163480605565e-20,40.7801156989065,"2023"
-1.63127636762726,7.00975086642283,-10.5979639361658,1.2283579033866e-22,1.41130134046432e-20,40.6983426076701,"8630"
-1.63309732586575,8.49455609513674,-10.5450802867797,1.86186987973625e-22,2.11101746759043e-20,40.2889664647292,"219654"
-2.02166806738716,7.40089456739523,-10.532190788923,2.060205753319e-22,2.29629684098462e-20,40.1893340923197,"53826"
-2.01990429895939,8.58521345676413,-10.5294427535956,2.10513483011245e-22,2.29629684098462e-20,40.1680999577074,"1346"
1.0738556939542,11.28496868406,10.5294371483102,2.10522746243223e-22,2.29629684098462e-20,40.1680566482098,"3692"
1.06284402520136,9.79287339872876,10.474254147859,3.24491956794041e-22,3.42402975717654e-20,39.7422128648956,"79581"
-2.55642915974071,7.8544535868234,-10.4737274240867,3.2583316709815e-22,3.42402975717654e-20,39.7381532987674,"2273"
-2.66263095146731,8.98764653744872,-10.4622525017407,3.56459633994708e-22,3.70073815196674e-20,39.6497379432535,"4239"
1.48724246931062,9.57876892251695,10.4159786725945,5.11846953636159e-22,5.12858744125905e-20,39.2936648114931,"5050"
-2.0173367536317,7.08462936702861,-10.4086293794504,5.42082951240891e-22,5.32881839339944e-20,39.2371824144885,"140597"
-1.40388254332836,6.79018067281882,-10.4081304805662,5.44198698641233e-22,5.32881839339944e-20,39.2333488633969,"2824"
-1.14093022518753,8.01844531561693,-10.4043940380325,5.60307512996756e-22,5.42490993201465e-20,39.2046407632866,"2037"
-1.81100454062865,9.5228350081398,-10.3812302090865,6.71303643956639e-22,6.42735944441595e-20,39.0267778255066,"83716"
-1.31938531396659,6.8405864832157,-10.3346521911704,9.64944596136453e-22,9.13728306033826e-20,38.6697113080916,"2205"
-2.38814437883871,9.78512316640524,-10.3234171377986,1.05308319383413e-21,9.86349769703123e-20,38.5837004850242,"8404"
1.97634985490055,8.95993580630638,10.3208617915548,1.07422137321946e-21,9.95329631508828e-20,38.5641442047937,"9055"
2.15227126759443,8.72625602107345,10.2938986383831,1.32465963316318e-21,1.21431830414544e-19,38.3579372164979,"9133"
-1.35166486517719,7.58272232421772,-10.2751351930737,1.53239499673589e-21,1.3899629144077e-19,38.2145954574621,"56034"
-1.25940700409587,7.30188259155017,-10.2652159715086,1.65498456565115e-21,1.48552104189749e-19,38.1388703415777,"596"
-1.2767236811474,7.43349427385472,-10.1901843925115,2.95877808216146e-21,2.60161129938625e-19,37.5672375635073,"83468"
-1.44500065699763,6.96238107486746,-10.1861375219537,3.05278277599754e-21,2.65715446270412e-19,37.536465406309,"158471"
1.23678162567364,11.2126079982446,10.1773025004834,3.26845093196963e-21,2.81642416807823e-19,37.4693056105912,"4176"
-1.90207654167883,8.01251755178182,-10.1467611820964,4.13740005096903e-21,3.52989863754457e-19,37.2373687960711,"51285"
-1.64702785434218,7.70214644728324,-10.082441532184,6.78981598792911e-21,5.68037323961021e-19,36.750058592887,"10875"
-2.28323584921951,7.46109364402295,-10.0687666640213,7.54240423614199e-21,6.24931704834957e-19,36.6466543232003,"126393"
-1.82551607831391,11.2723920706051,-10.0464880347821,8.94991001451811e-21,7.14086801806505e-19,36.4783441187076,"1465"
-1.77862083378331,7.39089147620982,-10.031339555476,1.00530742400251e-20,7.94746245195375e-19,36.3640089566991,"65055"
-1.23759652295342,7.05022291191275,-9.98212103510282,1.46572167763816e-20,1.13784898164036e-18,35.9931342417177,"54796"
-1.69103948734488,7.3689043039414,-9.97245040329728,1.57826170241498e-20,1.20352929997433e-18,35.920373375074,"7111"
-1.34576735308292,7.53702556918874,-9.96874628823037,1.62360584257129e-20,1.2272466267927e-18,35.8925135854711,"57161"
-1.2261271313407,7.13266678498211,-9.90362858217576,2.66910505948147e-20,1.99766360590413e-18,35.4036162407391,"219"
-1.88081311449128,8.11786076691919,-9.90264404201963,2.68920712875571e-20,1.99766360590413e-18,35.3962371438991,"79901"
1.52897269323461,8.89066455775606,9.88738712713037,3.02064693144102e-20,2.22469355625874e-18,35.2819357945126,"7422"
-3.42478932344088,10.4997492105563,-9.85189787141333,3.95694019963992e-20,2.88957234748282e-18,35.0164137208321,"72"
-1.19512035756122,7.03157798426958,-9.80649611374223,5.58544617848397e-20,4.0108158099997e-18,34.6774578628251,"23768"
-1.79877835880362,8.08779133624436,-9.74471336737138,8.91658101049675e-20,6.34993211301244e-18,34.2175331713684,"5156"
1.04134062022714,10.1270350251392,9.74194938962635,9.10480873550364e-20,6.43083089129794e-18,34.1969934880507,"80324"
-1.50797987993358,7.61682511421005,-9.7405138290725,9.20412229088647e-20,6.44812372199745e-18,34.1863267654969,"25932"
-2.12383049537225,7.852681392876,-9.72070873954004,1.06892363482339e-19,7.4281572268332e-18,34.0392532893084,"27295"
1.92380444002569,8.89535230499026,9.63601075308314,2.02300191791164e-19,1.38350853386068e-17,33.4120898334161,"9768"
2.77401739278856,8.67177790837933,9.62649492166148,2.17292028640444e-19,1.47433496912969e-17,33.3418123105271,"7153"
-1.06246397738424,7.24760993634481,-9.60455202280293,2.5619817791989e-19,1.72473413994976e-17,33.1798998290171,"4660"
-1.14309823558666,7.22588026447364,-9.59689084253515,2.71350566225995e-19,1.81257971253442e-17,33.1234165302727,"6943"
-1.6385516281942,7.2675261733949,-9.5726451867359,3.2541442599368e-19,2.14053138075385e-17,32.9448226545709,"8436"
-1.90729114502054,8.26633788304117,-9.55481399727047,3.71877716184882e-19,2.40937615065047e-17,32.8136346246974,"8470"
1.14129532440944,11.6170264205168,9.52580800078027,4.6192016706646e-19,2.91133060446749e-17,32.6005161903774,"4830"
-1.27228877657131,8.53009798522909,-9.52553391738915,4.62866766638095e-19,2.91133060446749e-17,32.5985040813859,"9079"
1.39896695776431,7.96301968221347,9.49777790313902,5.69404644096671e-19,3.52989914977051e-17,32.3949051488426,"891"
-1.31907802630101,9.28262219015726,-9.49221042016676,5.93539936446749e-19,3.65323830882974e-17,32.3541052098312,"23179"
-1.57986214966583,7.30363670928136,-9.4875119842075,6.1469588267401e-19,3.73016508521264e-17,32.3196841018906,"81035"
-2.12994124924695,8.54544472295523,-9.48141857889259,6.43251260354444e-19,3.87615112620577e-17,32.2750573037306,"10418"
1.24272636246446,9.69188831653959,9.43347654831772,9.18969026570916e-19,5.49913618191777e-17,31.9244921870341,"64943"
-2.30894136478644,11.8892812504838,-9.42716145994148,9.63110451743275e-19,5.72353293977366e-17,31.8783878351026,"59"
1.78471245602216,8.40674349483345,9.41449822124682,1.05806195900645e-18,6.2022584358902e-17,31.7859893669476,"1063"
1.74528670320036,8.17564242328771,9.37210679812615,1.44875431535392e-18,8.3784670707414e-17,31.4771795496307,"10112"
-1.21336850818353,7.75273703706042,-9.3634709981642,1.54439278978586e-18,8.8132666685992e-17,31.4143654743396,"80310"
1.8631763773874,8.03385773748251,9.33417392624724,1.91796518322963e-18,1.08730960420327e-16,31.2015094555023,"259266"
2.41225080556501,11.2558187379677,9.31378771199337,2.22952943229791e-18,1.2556768051053e-16,31.0536156752236,"3855"
-1.0887406144882,6.9386959987489,-9.30816425344648,2.32397926205223e-18,1.2961938301413e-16,31.012851761001,"10659"
-1.79090982055471,11.5291635753718,-9.30772310423243,2.33155441188234e-18,1.2961938301413e-16,31.0096544989706,"2"
-1.46636157076467,8.82830409043218,-9.26625310489838,3.16474765791045e-18,1.73698283873977e-16,30.7094796658521,"2791"
1.14583287671309,10.8371134485895,9.25317937716859,3.48421037147836e-18,1.89389723297262e-16,30.6150045805431,"26354"
-1.21223160092368,8.09057795332461,-9.2450546115332,3.69865130812998e-18,1.96736285939235e-16,30.5563304619143,"11343"
-1.0346413224684,6.60451753858979,-9.23987348166625,3.84218306174588e-18,2.03117125417572e-16,30.5189295012549,"653"
1.02700843690412,9.8536722847082,9.22013085962805,4.44156837684034e-18,2.33371918922154e-16,30.3765229809833,"80308"
-1.56234710412749,9.09152606338954,-9.19461946361734,5.35526391076156e-18,2.79071466158549e-16,30.1927626516492,"8425"
1.63463857587974,7.93485684834553,9.1612489771139,6.83699836412738e-18,3.5278092756698e-16,29.9528325750671,"64151"
-1.43769195847861,8.52386749170934,-9.14735635191365,7.56775179937412e-18,3.88162602709564e-16,29.8530937469451,"10319"
-2.20930044341157,8.80843673807858,-9.10025821512157,1.06708630729114e-17,5.40887218231043e-16,29.5156130423839,"5997"
-1.06890593126247,7.04584688813649,-9.09722192757244,1.09095136122682e-17,5.49750168403013e-16,29.4938911220001,"1602"
1.37456327504908,7.17490662531612,9.0945359649577,1.11250358033176e-17,5.57351357658069e-16,29.4746789605483,"983"
1.09615172036588,8.79666398703692,9.09278891400395,1.12674800827547e-17,5.61224716029465e-16,29.4621844123748,"7371"
-1.85357179734246,7.49835439365648,-9.08817530309368,1.1652399418737e-17,5.77061642478486e-16,29.4291955026979,"5023"
-2.44161925398238,8.32894657498146,-9.07271074713275,1.30402248714436e-17,6.34845297837453e-16,29.3186894057456,"5742"
1.14988246948964,8.88669743755993,9.03835270512802,1.67375832501563e-17,8.10268285767399e-16,29.0735665047104,"3149"
-1.81865771793902,9.03347810464874,-9.02138594012646,1.89295941942645e-17,9.1126431939652e-16,28.9527193562643,"10979"
-1.11803121878539,7.29840086037173,-9.01604791693265,1.96763872565621e-17,9.41952383276642e-16,28.9147262894721,"10267"
1.33873675160225,9.93633028140441,8.99503067172115,2.29114598855677e-17,1.08476950458207e-15,28.7652652212869,"51155"
-2.69080745581951,8.85001360851882,-8.98413080741649,2.47914897101746e-17,1.15873650235665e-15,28.6878329548224,"2318"
-1.31483594216516,7.25988911919344,-8.97989728433752,2.55622432628263e-17,1.1842465064289e-15,28.6577730105562,"4130"
-1.42962079155132,8.06254103105119,-8.97000602972114,2.74568563253903e-17,1.25182926431687e-15,28.5875730442046,"1363"
1.73657686147703,12.034654396793,8.95030215895398,3.16555300290777e-17,1.42814503801342e-15,28.4478669321251,"3856"
-1.14693533478432,7.90104289227495,-8.91744851529341,4.01160855277151e-17,1.76367504587919e-15,28.2153284177137,"10763"
1.116100064708,8.69562160214523,8.90474034337818,4.39593655916706e-17,1.92283174265698e-15,28.1255155395655,"10535"
1.07496344734251,9.19278928873517,8.89584497200689,4.68645023798514e-17,2.03955261114737e-15,28.062694177338,"5361"
-1.75610264022156,8.43873524735223,-8.849936279509,6.51668410393882e-17,2.79374462306671e-15,27.7390692289188,"4131"
-1.16471958053855,9.70943864741025,-8.82683826185236,7.68961395748403e-17,3.26410854540098e-15,27.5766218310962,"23492"
-1.73230541506834,8.53063218470642,-8.82042988300459,8.05058223636801e-17,3.40058172209721e-15,27.5315969847624,"274"
1.37871272969672,7.7702556421289,8.81212880141741,8.54322293091602e-17,3.5910708290587e-15,27.4733032644972,"9833"
-2.74749991398583,9.56567615740875,-8.80903666736396,8.73426805721672e-17,3.65355280820565e-15,27.4515973989964,"4629"
1.26768889143471,11.1562865790132,8.80278745332688,9.13338659569564e-17,3.8020479369618e-15,27.407743721115,"81539"
-1.4068984595857,9.97903628730144,-8.79342974872912,9.76505836715214e-17,4.04545711296875e-15,27.3421112482649,"23048"
-1.67626426068496,9.24298429724172,-8.77975527221963,1.07667173446083e-16,4.43908150040621e-15,27.2462775635359,"2316"
-1.50818817671893,8.93587748419576,-8.75814179009045,1.25612998868487e-16,5.1056943926875e-15,27.0949888700583,"439921"
-1.48724143823642,6.91215402317372,-8.72197451533273,1.62499918877747e-16,6.51284558590486e-15,26.8423315671994,"26577"
1.60140745957606,7.88134034635236,8.71164657063545,1.7487769650557e-16,6.97648662402082e-15,26.7702988987041,"55165"
1.4453522770142,8.49320772096215,8.7029902860962,1.85968079601485e-16,7.38473245127186e-15,26.7099652039858,"9212"
-1.07574724773059,7.96765474134167,-8.69259017154195,2.00217194307016e-16,7.91408974010806e-15,26.6375253495472,"81563"
-1.49330844079676,8.15157028011258,-8.66191697531805,2.48847793282445e-16,9.6591055617785e-15,26.4241848416994,"8516"
1.29227242591613,10.8061947256136,8.62045793542718,3.33625415195672e-16,1.26089921172855e-14,26.1365586208313,"2194"
1.18358805760509,10.0282219489034,8.61558595325508,3.45300971842196e-16,1.29932684470053e-14,26.1028143027484,"5226"
-1.12437548663958,7.62423349903918,-8.60948434432591,3.60495417706977e-16,1.3506039192961e-14,26.0605698680806,"55843"
-1.44078525032998,8.1787740736358,-8.60127256691226,3.81994526229156e-16,1.42495533875179e-14,26.0037447363341,"5168"
1.59794064585911,8.67181858849615,8.57609775267947,4.56134775826125e-16,1.67255887799733e-14,25.8297442243226,"1164"
2.43968578890929,9.5585030097749,8.56632337769653,4.88615231340521e-16,1.769074558177e-14,25.7622715404759,"11065"
-1.31985152909414,7.53322028031335,-8.54860795812969,5.5342605053615e-16,1.97878517737345e-14,25.6401028718954,"55084"
-1.55877032346281,9.81816325432765,-8.54336273506101,5.74199275922968e-16,2.04457651265629e-14,25.6039609078931,"1808"
-1.23725911886504,6.83863280749429,-8.53663537741045,6.01975824198162e-16,2.13466077247554e-14,25.5576264756364,"11341"
1.31513391954297,7.98381381064055,8.51254472874067,7.12802057206947e-16,2.50702666406215e-14,25.3918887389154,"51514"
1.00327985261421,10.3598669991245,8.49800636154224,7.8922089690091e-16,2.71982591576923e-14,25.292009188812,"9601"
-1.04381176708117,6.59751053834399,-8.49746037312256,7.92243593893554e-16,2.71982591576923e-14,25.2882602817919,"3899"
-1.78931391333504,8.62980445801086,-8.49212147471322,8.22411336179399e-16,2.81218987454678e-14,25.2516098378541,"1307"
-1.65910506052086,7.862399915523,-8.46579778181976,9.88607573890198e-16,3.35387065520151e-14,25.071113129951,"2532"
-2.18725557194594,8.33193183616334,-8.46244616200496,1.01202392991818e-15,3.41984713886469e-14,25.0481568037486,"10580"
-1.56956787209443,6.85687838537965,-8.45461651401003,1.06888722318255e-15,3.57000046595504e-14,24.9945511654424,"8076"
-2.22422746554744,8.76961391185579,-8.44532591604524,1.14047480133177e-15,3.7797966781061e-14,24.9309834267189,"347"
-1.04626967788158,7.44961787346103,-8.44327032763213,1.15694398398519e-15,3.81968824137946e-14,24.9169246792467,"9413"
-1.02654298381691,6.86640836364501,-8.42856249841805,1.28185084372269e-15,4.21591935891542e-14,24.8163962930678,"116039"
1.40660623524337,8.61780397106739,8.42516620560894,1.31253972066674e-15,4.30043907718074e-14,24.7931981726676,"51659"
1.51619993994086,12.683279733246,8.38749679457386,1.70571772605639e-15,5.50493245147114e-14,24.5362944407993,"6382"
1.04439675849956,10.578078248558,8.3774531264526,1.82892369683032e-15,5.85867490542263e-14,24.4679195510908,"8703"
1.22837822621489,10.7290573090955,8.34137319702702,2.34865138669647e-15,7.4405621320454e-14,24.2227232598893,"5603"
-1.39140191209379,8.20531423619141,-8.32895141440519,2.55946754567567e-15,8.01997521494083e-14,24.1384609791858,"10186"
-1.83291597784812,8.69937084302904,-8.32178173838722,2.68955920557886e-15,8.39707669364965e-14,24.089862269635,"3489"
-1.19655049311381,7.60958922048175,-8.30175120208411,3.08869686232572e-15,9.53953435937659e-14,23.9542289146339,"9200"
1.42515259363588,13.8357874856563,8.27009938714763,3.84196686816135e-15,1.16983139586383e-13,23.7403287399794,"3880"
1.3187372145621,8.15907719029243,8.25949000480414,4.13306826972605e-15,1.24963681685015e-13,23.6687482491255,"11004"
-1.00085983445112,7.05726904060122,-8.2475409505019,4.48711025259099e-15,1.34722749291208e-13,23.5881995241212,"1806"
1.51714129968876,11.9113020888115,8.24508486401656,4.5635162839416e-15,1.36068580687629e-13,23.571652267352,"55450"
1.22778895960986,7.21727742070503,8.24060273498031,4.70628177407151e-15,1.3984148292129e-13,23.541463206296,"55872"
-1.65023762539268,8.89003913738834,-8.20906998859879,5.84346241305767e-15,1.71853636905522e-13,23.3293745297187,"5176"
-1.755539048401,7.60226974089329,-8.18262597796204,7.00361231804473e-15,2.04576702863022e-13,23.151916055351,"5740"
-1.49383010395373,8.82402288157051,-8.16178108891286,8.0762458558594e-15,2.32752543611841e-13,23.0122922042147,"9510"
-1.15761072822045,6.93567726073401,-8.15319251604075,8.56406613216411e-15,2.4517128857428e-13,22.954830959055,"5630"
-1.8787678249117,9.58651731342997,-8.14363710152359,9.14109358684707e-15,2.6056339329971e-13,22.8909471617407,"23022"
-1.07344355432567,8.38828728744361,-8.13263247290481,9.85338597121954e-15,2.7929811484868e-13,22.8174346459582,"4211"
-1.74320339457594,7.61229840009072,-8.12696609562117,1.0241280730997e-14,2.89341364127872e-13,22.7796075769623,"3779"
1.43670370154227,7.57172468577741,8.06995396014255,1.50891859726323e-14,4.15410592735374e-13,22.399966419531,"9787"
1.30501759506919,8.07318769662619,8.06452845248341,1.56546837173113e-14,4.28242570133559e-13,22.3639290726617,"6676"
-1.65960108407455,7.57957994645683,-8.02051998530187,2.10863877811427e-14,5.67816885969082e-13,22.0722023502372,"2202"
-1.25702639902326,9.20917603850424,-8.01735620217569,2.15419282160432e-14,5.78276621301073e-13,22.0512703719801,"5066"
-1.03787798772958,10.7529509993031,-8.01295042579926,2.21925422346439e-14,5.91578073531175e-13,22.0221302540327,"9867"
-1.58598959408691,8.74339275169032,-8.01261149270771,2.2243390486724e-14,5.91578073531175e-13,22.0198889625918,"217"
1.08326330698524,9.36133026512606,7.99789595462447,2.45656973855654e-14,6.43412201736831e-13,21.9226384187353,"5590"
-1.75706265257651,10.8358561940694,-7.98184642208211,2.73721974555767e-14,7.14746137802135e-13,21.8167061517414,"284119"
-1.27585970801564,8.546999734659,-7.95536643188042,3.2710839168276e-14,8.38896729503079e-13,21.6422364485472,"1593"
-1.29894502069251,7.58143380031937,-7.95057099174242,3.37821943054793e-14,8.61246060148861e-13,21.6106815426234,"1909"
-1.57132255114962,7.47673063080153,-7.94895057053123,3.41519944667837e-14,8.68105416873967e-13,21.6000217096789,"3671"
-1.34408540181496,7.21302711315317,-7.94727338986181,3.45389602947068e-14,8.75359473116142e-13,21.5889900030794,"8309"
-1.16196775134494,7.39651272305464,-7.93889756882837,3.65372586229749e-14,9.17905415609838e-13,21.5339208602625,"6387"
1.58945444767397,9.35957292656116,7.93406997651439,3.77404773811236e-14,9.45377016259135e-13,21.5021980041376,"7298"
2.06665643768321,12.0172086760289,7.93133685913805,3.84389435952666e-14,9.60082252059166e-13,21.4842439381642,"3872"
-1.80079481266032,9.25202324354019,-7.92392373961319,4.03983657749049e-14,1.00610612104727e-12,21.4355672228297,"716"
1.6407531624485,11.1321154168754,7.91291627781849,4.3491233284248e-14,1.0738222269638e-12,21.3633447506328,"9636"
-1.08275904209625,8.92868827765562,-7.90980045662057,4.44084241601539e-14,1.09022048714543e-12,21.3429132476039,"8082"
-1.35176536384395,8.30595491689007,-7.90772475277996,4.50300190854631e-14,1.09921720810038e-12,21.3293051174123,"857"
-1.6916424623519,7.6908418721333,-7.87816559207969,5.48730540132628e-14,1.32448489196719e-12,21.1357759061601,"5730"
1.17227375577228,9.26908437863965,7.86663784005241,5.9263412159409e-14,1.41853561827119e-12,21.060432584842,"2041"
1.75782498800672,8.449798614023,7.82752177255591,7.69093277599908e-14,1.78632797118016e-12,20.8053269386685,"22974"
1.03106099992224,8.00976833985824,7.80810912082881,8.75023519368608e-14,2.01606354716559e-12,20.6790387830248,"55215"
-1.72625239908921,9.07969950344078,-7.80621524176698,8.86098910284871e-14,2.03072189093743e-12,20.6667295103353,"116496"
-1.27901479096921,7.56179333822333,-7.80364506106252,9.01351020856849e-14,2.05474649384219e-12,20.6500278225804,"11117"
-1.23795342869943,7.81114434486409,-7.80238132600696,9.08945137611558e-14,2.06659109519757e-12,20.6418171065551,"55679"
-1.24389880735552,8.07713415797916,-7.7772977092163,1.07345093585769e-13,2.40257836734694e-12,20.4790294815079,"3708"
-1.30887820945701,8.20802767568501,-7.77529648024552,1.0877762191398e-13,2.4283335959398e-12,20.4660571174007,"4921"
1.42173070841259,8.72979786980872,7.76675025320289,1.15110654739484e-13,2.54989334676127e-12,20.4106841116792,"6790"
-1.32772982861467,8.7037093658451,-7.74816906654664,1.30163174953907e-13,2.84674131618734e-12,20.2904341382705,"58189"
1.12749970845474,7.33965380758808,7.72960037635302,1.47143817188787e-13,3.20186432503983e-12,20.1704596439567,"3832"
-1.2360447234999,7.99637826321834,-7.7105658080641,1.66819126186193e-13,3.56846108733473e-12,20.0476775320557,"2995"
1.71851224809851,12.461561864721,7.7105014706001,1.66889847765568e-13,3.56846108733473e-12,20.0472628727301,"3486"
1.27287804807184,8.07593426082927,7.7085335304577,1.69067420825318e-13,3.60607417141525e-12,20.0345804994158,"890"
-1.24116629637725,7.4880710890893,-7.70400971889132,1.74180041697831e-13,3.705949183482e-12,20.0054351685088,"8522"
-1.36936782138039,8.02366324606249,-7.69495005561138,1.84882106044189e-13,3.91432213214441e-12,19.9471018845739,"1009"
-1.80166091446719,9.29686208197148,-7.67664060620719,2.08531018226849e-13,4.38271166844088e-12,19.8293536859114,"7168"
1.47288264976587,8.16217486399854,7.64713261350752,2.53074550478541e-13,5.22960048315008e-12,19.6399900040666,"7272"
-1.06700949132816,9.04371199337448,-7.64244914255051,2.60959863710484e-13,5.37964388897904e-12,19.6099802292014,"26137"
-1.01686036492695,7.4752667681901,-7.63849779496733,2.67800751097086e-13,5.50749181910164e-12,19.584671376327,"925"
-1.15815946269606,7.69348612143499,-7.60687781396206,3.29310231872847e-13,6.74029992410528e-12,19.3824644372576,"8605"
-1.0012712478854,7.56685907055885,-7.58169399652634,3.88102370558844e-13,7.86888971083662e-12,19.2218279508924,"7145"
-1.03113017823651,8.09845837978093,-7.57390209678751,4.08307865001926e-13,8.25912880920563e-12,19.1722010385545,"5866"
-1.23137812306622,8.17799210102173,-7.57001366557612,4.18775836997689e-13,8.39207299397461e-12,19.1474486054302,"10486"
-1.67621428894044,8.51579808038124,-7.55543541139665,4.60432492217252e-13,9.12969717616636e-12,19.054726350094,"1292"
-1.19244988157768,7.154374518733,-7.54183030580533,5.02983597715266e-13,9.88796236549472e-12,18.9683048340274,"25890"
1.13471670606833,8.11385370953222,7.52097315630924,5.75857507760632e-13,1.1226615711252e-11,18.836026286304,"55355"
-1.45745543199748,8.76791524534192,-7.51518343496234,5.97870892163866e-13,1.1577198826463e-11,18.7993521131083,"2014"
-1.6822701218407,8.87466924972487,-7.50027351819455,6.58454668642341e-13,1.26417477989874e-11,18.7049974164969,"894"
-1.2328516505912,7.10603928348609,-7.50021248126483,6.58714722263588e-13,1.26417477989874e-11,18.7046114223189,"9839"
1.31374773719336,12.064949545013,7.47198518853601,7.90505903990859e-13,1.50039413539410e-11,18.5263373099733,"3875"
-1.17466761207708,8.23386569730372,-7.44809604520956,9.22113588735054e-13,1.73372326639325e-11,18.3758268167393,"79971"
1.00280546654117,7.77744055788379,7.40166040958178,1.24272502889028e-12,2.29305387022431e-11,18.0842276658264,"898"
-1.22103558622446,8.04196881817856,-7.3896153564907,1.34245980918362e-12,2.45042427299225e-11,18.0087974921382,"5627"
-1.21044247975578,9.10901247394878,-7.38494652005257,1.38320550604442e-12,2.50400879108924e-11,17.9795828273224,"27122"
-1.20163328318805,9.48970507201497,-7.37034336161833,1.51868210370985e-12,2.72635076826413e-11,17.8882890203769,"6237"
-1.37512905673648,8.38058267169954,-7.35224256427295,1.70487136318562e-12,3.02904670857123e-11,17.7753054508103,"687"
-1.04253370361553,7.33817744640359,-7.32209505983295,2.06613239078707e-12,3.61867130313255e-11,17.5875617260149,"7220"
-1.65972184262067,9.51228711925496,-7.3002408911943,2.37420981675419e-12,4.11641166820338e-11,17.4518052189696,"2878"
1.01163060607369,7.428150671231,7.29956974999188,2.38435464490878e-12,4.12569959340943e-11,17.4476406781233,"8318"
1.18192227180449,10.9546931431358,7.29355233311795,2.47724213036957e-12,4.27783475699291e-11,17.410313724369,"65108"
-1.44831046770814,7.3957155493186,-7.28320368399217,2.64539839732657e-12,4.54997963867526e-11,17.3461704404079,"1545"
-1.15807903489664,8.364879456213,-7.27773098383008,2.73882130707355e-12,4.70127952252047e-11,17.312275478587,"283"
1.11297575775056,7.70737427331484,7.27608973025149,2.76746701984879e-12,4.74100662227376e-11,17.3021139561414,"1033"
1.22284817867019,8.67718277609691,7.24231988037123,3.42693138180145e-12,5.7943548694333e-11,17.0933952341207,"4171"
-1.34047611489604,8.89009479519166,-7.22463834780078,3.83168297638139e-12,6.41118683640359e-11,16.9843877539885,"4692"
-1.03302630129416,7.71738901158866,-7.22161873376897,3.90536415064237e-12,6.52180676086924e-11,16.9657906622151,"9920"
1.11921589376448,9.45829238629311,7.20268039285662,4.4003555621517e-12,7.2500695753463e-11,16.8492803107379,"29923"
-2.16538725947213,8.12239856464223,-7.19931081231882,4.49468411165722e-12,7.3632496178993e-11,16.828573232391,"5239"
-1.71461465260918,9.19618921911721,-7.18920212851057,4.78978036682051e-12,7.77279424122266e-11,16.7664938842496,"1809"
-1.03416803303611,6.90195452061813,-7.16017338746674,5.74742614604273e-12,9.12073132604976e-11,16.5885698480297,"90865"
-1.39554469752683,7.75281559312817,-7.14482087508798,6.32774934728843e-12,9.98648646988726e-11,16.4946792648023,"5166"
-1.16086438413672,8.83009789852718,-7.07647960199588,9.69318456876255e-12,1.49325148001506e-10,16.0784880015367,"1902"
-1.76787549107067,9.333134788122,-7.07629508935617,9.70431506102393e-12,1.49325148001506e-10,16.0773682438771,"800"
1.32832982429789,11.3362427566997,7.0714763585737,9.99949522744474e-12,1.53592959670038e-10,16.0481321314795,"57111"
1.13941020816629,10.9491189638976,7.04957775459577,1.14561633373553e-11,1.73798872320406e-10,15.9154508453466,"6472"
-1.16727223386806,9.5019222991066,-7.02975532486742,1.29536381364124e-11,1.9514248220536e-10,15.7956059728889,"358"
-1.11266083323824,7.27427575806519,-7.02348872494607,1.34659459627191e-11,2.01982477186937e-10,15.7577695283412,"8483"
-1.77438707984614,8.94069789117452,-7.00769936235661,1.48468321912248e-11,2.21341095141495e-10,15.6625452882706,"4147"
-1.09621167956205,7.37270246090004,-6.99314722692957,1.62423941346187e-11,2.39658750441798e-10,15.5749206831985,"1359"
-1.00636426685306,7.20680878363035,-6.9788670305988,1.77370951362027e-11,2.59932906103162e-10,15.4890625029753,"4753"
-1.00723396420062,7.66782999215818,-6.94324324155913,2.20811401599113e-11,3.20865404313584e-10,15.2754366239983,"51435"
-1.54772344471078,8.83426647673171,-6.93527096592394,2.31881618662822e-11,3.34694121945986e-10,15.2277385682763,"6525"
-1.21693512906039,8.41332091192391,-6.929156837822,2.40739839301528e-11,3.45167253787232e-10,15.1911849729695,"112464"
1.11096926410433,7.25584067082848,6.90700962940691,2.75702753551578e-11,3.92682748322967e-10,15.0589747087774,"1058"
-1.10420271290634,9.06832629103347,-6.85764926432843,3.72583941580352e-11,5.21194127369788e-10,14.7654318311164,"55214"
-1.14398426441404,8.49692957422646,-6.85243908779563,3.84583321039706e-11,5.37107694878306e-10,14.7345377201669,"114884"
-1.17681882885056,7.82119802044554,-6.84535932041226,4.01499327924919e-11,5.58019307859521e-10,14.6925854973276,"8854"
1.09987770878689,11.2410487078218,6.8443686858083,4.03923896431083e-11,5.59583957483382e-10,14.686717895603,"10576"
1.05977578641315,7.60875460681326,6.8233448872321,4.58910512756504e-11,6.30690891295502e-10,14.5623403163731,"3161"
1.26556065481899,10.6346215316214,6.80391437786517,5.16237072431244e-11,7.01870796754695e-10,14.447640377367,"10221"
-1.23877175036313,8.10426105990967,-6.79083765840695,5.58722189469907e-11,7.52267047915967e-10,14.3705838158588,"7041"
1.11994290592045,8.75865372223493,6.78145203051233,5.91315254111053e-11,7.91663133454165e-10,14.3153453516336,"9232"
-1.32898711609152,9.9516726804147,-6.78135626650373,5.9165725652139e-11,7.91663133454165e-10,14.3147820313674,"4781"
-1.07936034053762,8.57772239653268,-6.74180139006728,7.50891097644326e-11,9.93921442150716e-10,14.0826109823302,"558"
-1.07752284922166,7.12834595048318,-6.73355449970113,7.89047922965443e-11,1.0396369957482e-09,14.0343324688013,"4920"
-1.59838362788411,9.07205527423021,-6.73008930639086,8.05643352801024e-11,1.0598822551277e-09,14.0140598580352,"165"
-1.47490529696771,7.32981122124215,-6.71335249691606,8.90751878800312e-11,1.15249383477812e-09,13.9162532048095,"6456"
-1.8322041929271,7.95126320360947,-6.70595605512699,9.31121526282941e-11,1.19574876184502e-09,13.8730877799806,"4638"
-1.2760676494987,8.4073923902263,-6.67490942425067,1.12109502370689e-10,1.43118160285663e-09,13.6922888300876,"3075"
-1.3745418731709,8.98159468329236,-6.674406281652,1.12446780427375e-10,1.43336376766671e-09,13.6893639700543,"25849"
2.02575470852839,9.36656153146538,6.67124937475039,1.14585848571537e-10,1.45632191318722e-09,13.6710160631169,"6280"
1.02404869150622,8.89323215615275,6.65237139469059,1.28236811840653e-10,1.62263819035375e-09,13.5614333394532,"23624"
1.04252024547372,9.53005497494057,6.61600121208463,1.59187668056248e-10,1.97086226385156e-09,13.3509700232092,"4173"
-1.51404197242383,9.69303608313571,-6.60793908494813,1.66983516200843e-10,2.0644145754701e-09,13.3044345260247,"1291"
1.34842101155094,8.49945830224941,6.6032924469232,1.71645687676664e-10,2.11901273740661e-09,13.2776330406472,"9319"
-1.01583191301044,7.62834424151256,-6.60205583428063,1.72907813192127e-10,2.12637687835254e-09,13.2705027396765,"23208"
-1.03114022096801,8.23983533905882,-6.59387009634854,1.81495233230166e-10,2.22467201243861e-09,13.223329228374,"27115"
-1.41578785261957,6.77497328290152,-6.57356401937139,2.04646352730503e-10,2.48022168984352e-09,13.1064983228225,"10562"
-1.37410248379891,7.9814443213453,-6.52406068314046,2.73922265306937e-10,3.20704913063842e-09,12.8228244390329,"8910"
-1.08222153994747,8.55196498270529,-6.51397822219999,2.90624795460383e-10,3.38878736465781e-09,12.7652473205212,"4212"
-1.81574587032189,9.92417149844819,-6.50144450025914,3.12786212559741e-10,3.62268655057431e-09,12.6937663440393,"4256"
-1.17303106029061,8.17074671096753,-6.49397769218897,3.26767967643874e-10,3.75434610291635e-09,12.6512322229726,"1306"
1.2706228396084,8.5312200251964,6.47932550499295,3.56009569269332e-10,4.05248937700639e-09,12.567875295577,"7083"
1.01651788335412,8.04050321141175,6.45429692846561,4.12005929532923e-10,4.62475632090537e-09,12.4258187708715,"55143"
-1.21573684799053,8.77575868285902,-6.42806018828375,4.79973241625866e-10,5.27542018251287e-09,12.2773559934969,"5919"
1.23259890742845,7.94078900378647,6.41904378241703,5.05779124813586e-10,5.53917691818059e-09,12.2264427525679,"11082"
1.10847371223118,10.1638888434777,6.41804457586342,5.08721361473557e-10,5.55595940661298e-09,12.2208038682784,"5111"
1.24693868162887,9.73399808481889,6.41304408585315,5.23699680308032e-10,5.7050823580459e-09,12.1925943982891,"3557"
1.18673479267953,10.3473402393744,6.40974430171509,5.33819691729362e-10,5.80066113951061e-09,12.1739884191375,"2125"
-1.4552341946217,7.55876532077974,-6.37752426029145,6.43272328541633e-10,6.85176471575185e-09,11.9927005409825,"157869"
-1.83739167858429,9.61202184439978,-6.37369634135688,6.57655476116324e-10,6.99631757740044e-09,11.971209184347,"4060"
-1.09545362284405,8.44163561255431,-6.35990335775351,7.12143989241382e-10,7.50188845390341e-09,11.8938525800719,"29995"
-1.36718125811629,8.21240763331937,-6.3584849826192,7.17991989002598e-10,7.554257593694e-09,11.8859050746974,"3205"
-1.14116717070521,9.71397016030003,-6.3410990350093,7.93613908107048e-10,8.28917702564659e-09,11.7885982887845,"2621"
1.28614038970478,8.78305732097014,6.32994009455459,8.46207395134521e-10,8.77267124180967e-09,11.7262514560572,"10460"
1.37456367295725,7.90821779233133,6.3139245359407,9.27705983468877e-10,9.51671721375157e-09,11.6369180531659,"27324"
-1.28086639048436,7.95967734299562,-6.30366092874979,9.83927325602576e-10,1.00456182046415e-08,11.5797604909282,"11259"
-1.01924588391466,8.12561543908352,-6.26613362146106,1.2193645629277e-09,1.23035883357704e-08,11.3713855912084,"8727"
-1.36872582996004,7.88163772167053,-6.2425381959216,1.39478145871438e-09,1.38946032713779e-08,11.2408634536979,"5178"
1.16313376026743,9.36132015860778,6.16685112056253,2.14118927462003e-09,2.07310426734841e-08,10.8247767744018,"27076"
-1.06598890273701,7.68739599354107,-6.16537044908882,2.15913611922384e-09,2.08608872588725e-08,10.8166763689327,"57419"
-1.14408147716384,7.2587828434532,-6.15291771443093,2.31601439887529e-09,2.21008815892673e-08,10.7486106179091,"2628"
1.07454927898117,8.0091728460617,6.14009073457397,2.48926084636975e-09,2.35973165161366e-08,10.6786119508574,"3838"
-1.37681976520975,9.66652222758877,-6.13184536682838,2.60725636432093e-09,2.46616115163046e-08,10.6336762536054,"1152"
1.04427295011041,7.98485580637132,6.11641350245067,2.84297953408576e-09,2.67444919707609e-08,10.5497028206526,"79852"
1.05805423215478,10.8055274055892,6.1096160833702,2.95331058182131e-09,2.77521017268857e-08,10.5127669607715,"51497"
-2.27869599306657,10.9693951639233,-6.08080238444299,3.46936516586855e-09,3.22845784387574e-08,10.3565575453318,"6876"
-1.37391111648449,8.89221977896385,-6.07019937839529,3.68065825920817e-09,3.41034755049428e-08,10.2992211789571,"710"
-1.25920613392446,7.8395269717497,-6.04787561916694,4.1674878796438e-09,3.84077465870488e-08,10.1787621467019,"8736"
-2.09992355281708,10.4643062374938,-6.0338531612132,4.50491144756764e-09,4.12089404922402e-08,10.103276143945,"7169"
1.31202930151896,9.69241513934005,6.02579704367175,4.71069857509587e-09,4.27735401702856e-08,10.0599709191786,"3006"
-1.28205549068216,7.63937228840737,-6.02096683853041,4.83846001084951e-09,4.35208871748332e-08,10.0340283563503,"7704"
1.03983070264498,9.77058352995544,6.01155657279929,5.09716908462582e-09,4.56568409975246e-08,9.98353401680801,"79589"
1.042048866293,8.32914388264198,6.0111326644102,5.1091361734302e-09,4.56695294672697e-08,9.98126084779814,"55723"
-1.09539272737392,8.8746017346409,-5.9778388182747,6.14000151939972e-09,5.40264965880953e-08,9.80312268745167,"32"
1.03085350708413,7.76261865286313,5.97056438768667,6.39093892073069e-09,5.5852657890402e-08,9.76430548729553,"81620"
1.3319046557069,8.78123238595107,5.95306088968873,7.0365204302655e-09,6.11226779713687e-08,9.67105874012082,"2172"
-1.57625536774554,7.88628007479905,-5.94954758155384,7.17357532529166e-09,6.21878255312256e-08,9.65236845666404,"12"
-1.18619155604699,8.4981352914523,-5.94330699178,7.42348152014206e-09,6.41606221254405e-08,9.61919108519136,"2199"
1.20284449274001,11.3427797646018,5.90003740510173,9.40593441253554e-09,7.9696103080451e-08,9.38991680958252,"5468"
-1.12645169379737,8.02550349369001,-5.86220044933419,1.15565464829826e-08,9.67762497996704e-08,9.19052584265106,"7043"
-1.18322829156729,7.77389236264327,-5.85937592862083,1.17350885194258e-08,9.81648375527711e-08,9.1756825394829,"3371"
-1.01029513635206,7.01077043163387,-5.81401590460637,1.49997309660188e-08,1.23097792127794e-07,8.93809479656932,"2619"
1.04077881159526,9.71441319567499,5.78436385382033,1.75965989458884e-08,1.41975555352734e-07,8.78358515891714,"1163"
1.23227364478974,8.09421946996142,5.72749389297424,2.38603186736826e-08,1.86967988900166e-07,8.48903350418783,"760"
-1.49675658099213,8.77160528044739,-5.72743881140046,2.38673306011584e-08,1.86967988900166e-07,8.48874935561963,"26353"
1.41205455862138,7.32155065969978,5.72285109430504,2.44584586058473e-08,1.91077550141964e-07,8.46509052518261,"3868"
-1.03321850418627,9.0104710640473,-5.72101941547824,2.46984376714658e-08,1.92255137682945e-07,8.45564885486702,"221061"
-1.22217266999539,8.67223243010214,-5.71123355291005,2.60199613040679e-08,2.01269305706601e-07,8.40524759245698,"23136"
-1.01643660717009,8.52462617992301,-5.67203723399359,3.20392697316662e-08,2.42603152265173e-07,8.20407188622115,"23452"
1.12399228865437,11.4669683332762,5.62478189933533,4.11159908942694e-08,3.02558918476447e-07,7.96303127877671,"9551"
1.06014756585766,9.34230642532272,5.61294975636965,4.37548967926756e-08,3.19521987849564e-07,7.90293500953006,"4610"
1.0217455417989,10.8474631554783,5.61024667201969,4.43805244959081e-08,3.22995759781453e-07,7.88922034791561,"1728"
-1.04487763026184,8.3857116679681,-5.58265598065731,5.12858355373957e-08,3.69506726442925e-07,7.74954193518226,"6586"
-1.00435911313715,9.21646600900703,-5.57466026781668,5.34753906240775e-08,3.82663642566237e-07,7.70916871759101,"4784"
1.9404465896179,9.10760433284357,5.57337286573862,5.38363388456271e-08,3.84347747997323e-07,7.70267258919669,"54474"
1.06034916394962,9.18585524309427,5.56691806948408,5.56821331968454e-08,3.96867611048153e-07,7.67012071792952,"1001"
1.38146783731408,9.99196316831991,5.49189365840407,8.22105559412741e-08,5.68090104688018e-07,7.29404028466925,"2810"
1.0894868984315,9.63283660278305,5.46186399581789,9.59761227618001e-08,6.50689417654156e-07,7.14468520826434,"8140"
1.71593183582599,8.27516121914541,5.40713240147568,1.27050320040065e-07,8.29986065075693e-07,6.87421310552552,"4312"
1.26686311391523,7.73951377985937,5.40535683998324,1.28206984202765e-07,8.36305513153086e-07,6.8654763976104,"4321"
1.0407176502102,9.12314680857525,5.39872508837606,1.32618343899115e-07,8.6116975838634e-07,6.83286566959463,"3017"
-1.24112933067001,10.8362297066901,-5.3822256267736,1.4424340232323e-07,9.3174317677607e-07,6.75187584515207,"1278"
1.0149511592438,12.0849324911194,5.34594128374207,1.73397791062185e-07,1.10433759466581e-06,6.57449341786497,"8673"
1.03097566431464,8.88430128358709,5.32006213646304,1.97610094521616e-07,1.2411123793679e-06,6.44858850938637,"8914"
1.12645185315829,8.71764283637652,5.29083221328106,2.28911664105815e-07,1.41806744040245e-06,6.30699425584104,"3925"
1.18553348654302,9.15733395959667,5.27989726671924,2.41817347201019e-07,1.48944966463987e-06,6.25419107217354,"55086"
-1.19344489940663,8.22710039878575,-5.23499823045259,3.02614354983287e-07,1.83119936579423e-06,6.03833859887735,"26040"
1.05465978550726,9.00312069472703,5.23191618200237,3.07292443789264e-07,1.85820279868918e-06,6.02357825466019,"55321"
-1.11315016465636,8.51655150225543,-5.21552027902846,3.33382674183268e-07,2.00052820573623e-06,5.94517862479605,"5947"
-1.31144083548077,7.65167324074747,-5.21041125131645,3.41942736799239e-07,2.04335683980516e-06,5.92079118854731,"6693"
-1.04840071564272,8.72366127755014,-5.20441537831936,3.52260745496456e-07,2.09727115957529e-06,5.89219607942756,"8490"
-1.05373033195383,8.97648063114818,-5.19096008696103,3.76526273524263e-07,2.22838385917485e-06,5.82812670796639,"10252"
-1.51486328600396,8.23087389062906,-5.18592363174998,3.86019699136994e-07,2.27363755807483e-06,5.80418073542607,"113146"
-1.17815820659455,7.70433020095846,-5.13988943100107,4.84254579079487e-07,2.80055148183083e-06,5.58621688380385,"5996"
-1.16075830472524,7.65622044572164,-5.13072018212196,5.06529022477242e-07,2.92152649711272e-06,5.54299778302095,"7102"
1.04631873253455,9.29918157412743,5.12483587932455,5.2134307946873e-07,3.00295007739442e-06,5.515296532245,"6513"
1.02162630273239,8.62677142676586,5.12350604721162,5.24748700665805e-07,3.01651738067862e-06,5.50903986331496,"1951"
1.13019449236452,10.1467076789947,5.120878847594,5.31540268861382e-07,3.04540059626232e-06,5.49668329708757,"6659"
-1.13979811244741,7.4718451272184,-5.11227629451059,5.54379907509898e-07,3.16363686292238e-06,5.45626018548402,"55885"
-1.1733615976127,10.5677213668795,-5.08103691203168,6.45588788114709e-07,3.63122623184364e-06,5.30995074372303,"1293"
-1.28185458358523,10.7486395110459,-5.06788074841672,6.88206548913124e-07,3.8358834618269e-06,5.24856116180538,"7431"
1.26478179574162,8.40467657938304,5.05109011070503,7.46568000333888e-07,4.12118927538572e-06,5.17040831462031,"9022"
1.06791978044956,9.46114228079739,5.00893687803803,9.14981095083463e-07,4.96498242842204e-06,4.97517475975916,"5652"
1.20522853417311,11.2350147161558,5.0071438698805,9.22904872964362e-07,4.99853632327712e-06,4.96690125005346,"1525"
1.08996814145858,9.40415580476681,4.99165765181316,9.94161915614948e-07,5.35083899241349e-06,4.89554785898695,"9123"
-1.21157551181802,9.10358259695334,-4.96491028391958,1.12995168074099e-06,6.04019456138032e-06,4.77275188641049,"6414"
1.26108965402956,9.29398023675779,4.95712581312423,1.17273040320359e-06,6.2572246962262e-06,4.73711946238708,"9118"
-1.21406414018819,8.86137005364798,-4.95397702429398,1.19047536136771e-06,6.34797412679797e-06,4.72271983963449,"5270"
-1.23554387873878,9.87257730110258,-4.94951534078407,1.21606422475795e-06,6.47240606839977e-06,4.70232963954757,"1958"
-1.17003358593359,9.63510682606822,-4.94119492641634,1.26521126201787e-06,6.70087611850523e-06,4.66434669718266,"3485"
1.25769931967218,12.0078847812919,4.9067014712997,1.49022524007031e-06,7.80150115047746e-06,4.50746602778454,"10653"
1.37261415454163,12.3340324574297,4.89823704354466,1.55108855641493e-06,8.10535481541991e-06,4.46911249369333,"2261"
-1.18368512646821,9.25699096533163,-4.8946237777554,1.5777947182377e-06,8.22993770402802e-06,4.45275754902479,"5376"
-1.31861202322272,9.95055491143269,-4.88088465721187,1.68345612853662e-06,8.7072877908764e-06,4.39066380858212,"7058"
-1.00014613629878,9.35526795068856,-4.88046405319385,1.68679626671133e-06,8.71933019211249e-06,4.38876525670863,"3678"
1.2959588132658,8.33999626456092,4.79505987913061,2.51558851014049e-06,1.25010531671745e-05,4.00617706585403,"6696"
-1.13791705484809,8.17166086370707,-4.78803205980663,2.5990527960044e-06,1.28786877189016e-05,3.97495337236122,"3960"
1.91082759875701,9.77613895518022,4.77529746798405,2.75714452558078e-06,1.35452191430614e-05,3.91847592096443,"6279"
1.04666067248581,8.01234361764474,4.72341590172291,3.50248968201515e-06,1.69175748822447e-05,3.68972729515484,"768"
-1.434989561412,8.09434747453599,-4.70517441653353,3.80802691395305e-06,1.81894500651516e-05,3.60981378717091,"3512"
-1.0697057008143,7.46211397752151,-4.69257921653728,4.03380524194411e-06,1.91405835736963e-05,3.55479240953287,"6422"
-1.14926457611888,10.2454796763926,-4.67430928704479,4.38435348843916e-06,2.06335193937085e-05,3.47520888085036,"3113"
1.19265233257554,7.2812343631213,4.64427474967458,5.02523737347637e-06,2.33562408021822e-05,3.34496543334401,"4319"
1.33700107665121,11.2402544689501,4.60007112001002,6.13488990443756e-06,2.8044746051214e-05,3.15460863457107,"7037"
-1.32307052520514,9.95021307944673,-4.57747687679348,6.78956845940361e-06,3.07924796919373e-05,3.05792321073793,"3488"
1.03715491126476,8.78160160825685,4.57422599698052,6.88912087483738e-06,3.11947212708743e-05,3.044046251634,"56901"
1.14738216857555,7.68101699563405,4.51633693186707,8.91526354333163e-06,3.94570241155052e-05,2.79838172425547,"11283"
-1.09988428413959,8.12856096947915,-4.47258231343824,1.08145711293518e-05,4.71605057801743e-05,2.61452122754006,"5284"
1.00085155289847,9.40824706663622,4.42604709958427,1.32586051523528e-05,5.66151638244917e-05,2.42070456647746,"6338"
-1.1398803158716,9.90390936989322,-4.41252710527987,1.40626698058048e-05,5.96642174872574e-05,2.36472944570247,"5327"
-1.22650938179902,8.34864255370716,-4.37128631826967,1.68142718494942e-05,7.02319828051827e-05,2.19491965713283,"7103"
-1.20354272009227,8.0186499337236,-4.33294594035021,1.98292364796616e-05,8.14435322903926e-05,2.03831779990058,"124"
1.51245323262464,8.43320879876816,4.32493923347731,2.05210860406886e-05,8.40238532320262e-05,2.00576855986298,"4680"
1.22681912139128,7.23066833156215,4.18121444846071,3.76524183794544e-05,0.000144392919081334,1.43060515605056,"3861"
1.1866192815822,9.60277397558722,4.15585241586488,4.18372412544295e-05,0.00015846659687447,1.33091104810357,"4072"
1.1514172212702,9.18099754237539,4.05996402495551,6.20271479444114e-05,0.000226094726665395,0.958905260020122,"10381"
-1.01451101178916,9.46487205433883,-4.02621669409403,7.11222004827115e-05,0.000255251978991889,0.829837453869518,"57758"
1.15671285687432,9.0091048230428,3.97689472295104,8.6722804241696e-05,0.000306266559078154,0.642951361230007,"3866"
1.52462721990609,8.76140214110591,3.95533437977233,9.45178776026465e-05,0.000332161725653346,0.561910509037187,"6947"
1.01253477976124,9.87407568766196,3.92462587374239,0.000106775692920508,0.000371601835983853,0.447171769920231,"6813"
1.26316825410968,11.8779032794731,3.8616693032657,0.000136773631116021,0.000466394293362386,0.214477338761166,"7534"
-1.4806441036214,10.0712737634815,-3.77674170734142,0.000190034545110724,0.000627405239547551,-0.0940005409135365,"2167"
-1.04363559224007,7.90765328858078,-3.74447147315351,0.000214996651402362,0.000702284361309384,-0.209573517672529,"7345"
1.07797044936347,10.9849311890411,3.66611645994538,0.000289087090922347,0.000909811344951739,-0.486417705283616,"6574"
1.03744624229472,8.08609818441819,3.61679490066161,0.000347415574858725,0.00107725081272315,-0.657926297230368,"3576"
1.28027556897027,9.12955622221585,3.61278064403985,0.000352620423562797,0.00109142607393701,-0.671791355110517,"1510"
-1.10954857194051,8.85349906031007,-3.60330588106776,0.000365197360701592,0.00112550273861431,-0.704460594626904,"3123"
1.24492246903917,9.73631479492975,3.4895415444987,0.000553040807586961,0.00164159581087732,-1.09054491557103,"6698"
1.2069714900329,11.9962740744265,3.4033063152022,0.000752080455084074,0.00215019153333094,-1.37556727142123,"3158"
-1.07988872529483,8.09356892852016,-3.34946918067895,0.000908341331185826,0.00255289538513642,-1.55015092169016,"7077"
1.01090557750753,7.53957824063984,3.34434206678775,0.000924702416180687,0.00259295825585063,-1.56664216529219,"5266"
1.0161448427269,9.89473536524184,3.21027566792465,0.00146331699709839,0.0039139734151816,-1.98949527528829,"1917"
